29b9e,devenmartinez@hotmail.com,PS1Ljv4NPs
15015,chloerodriquez@hotmail.com,8FXk5D8TH
b0180,emilygarcia@hotmail.com,aoSWo95ry
914ca,madisonjackson@hotmail.com,wPHmpZU1vHX
e0a64,liammoore@hotmail.com,NkIQ2Kz1F
810ff,noahdavis@hotmail.com,wqE0Q0c0
7d2f1,chloejones@hotmail.com,0xbGs3lQy4
4cc70,barbaramartinez@hotmail.com,tjYjMfOxt8f
c2d5b,marygarcia@hotmail.com,E1yF2Te90j
13854,mialee@hotmail.com,p76jp65xB
6dfe3,emmajohnson@hotmail.com,9x5nUg59Ya
eed1d,sofiahernandez@hotmail.com,5bDLklTr0C
6de62,masonanderson@hotmail.com,vqRSt8D8VDjc
6a579,shreyawhite@hotmail.com,fKcU48e18KXb
712e1,josephwilson@hotmail.com,ZSmhZfOI8Xx
686ad,avarodriquez@hotmail.com,p2ZN73hG8B
377ac,miamiller@hotmail.com,lE3DZ7nmHcY
b6952,jameslopez@hotmail.com,1Z1YC9eR4Dd
67e7d,masonjackson@hotmail.com,7sp27myZG
57a1e,jaydenjones@hotmail.com,e1DzvR5K1
b38c4,emmasmith@hotmail.com,8x40f8TeJC
3f818,oliviadavis@hotmail.com,b63CgZqAhlT
a8cf4,jaydensmith@hotmail.com,IGfMgT67y
4d26a,deventhomas@hotmail.com,rCOk0G54
6468e,liammartin@hotmail.com,Y17VlSW4z3V5
7909e,jaydenthomas@hotmail.com,9LekLxFn8T4
52164,chloethomas@hotmail.com,Ww7vtA1j62Qi
f2359,ethanrodriquez@hotmail.com,ZC9K59H2mV7y
d2762,barbaragarcia@hotmail.com,ci5W2R7Lq7sE
e2b51,shreyajackson@hotmail.com,UsvKGoe4
40adb,emmataylor@hotmail.com,fb5BI7vK2
7b1b8,jameshernandez@hotmail.com,KZp1ihBA5x
e57cc,ethanwilliams@hotmail.com,O0SX8Oq4z
2e361,emilywilson@hotmail.com,sCmJy9Ejt3
39509,oliviathomas@hotmail.com,WO96aNZaa
3a862,shreyajones@hotmail.com,ytOwk5H88WN
ca17a,deventhomas@gmail.com,0H1bTdWJ3o9
d86b8,emilymiller@hotmail.com,s0QB8Yh0b6ji
c2b11,ethandavis@hotmail.com,5Lgw5CHh8kb
62235,oliviamoore@hotmail.com,ZrZpZ0T90SSa
9769f,davidmiller@hotmail.com,nbL46i90oOvm
4a18b,avamartinez@hotmail.com,q03xB09E
ac6e5,emmajones@hotmail.com,Za9glPdjWT7r
ab36b,marywhite@hotmail.com,22yu5UwxYB
186b1,mialee@gmail.com,pZi5Ny7I
bb532,ethanmoore@hotmail.com,20cT3cmQwp02
c29f7,avawilliams@hotmail.com,2gcW5il7C
244b3,ethandavis@gmail.com,r3to78Z9u
9d28d,noahrodriquez@hotmail.com,54yb4yEK
0786e,josephmoore@hotmail.com,uT1O8ig6J8
0adc0,davidjackson@hotmail.com,rO42PoY7lz2Z
2d1b8,avajones@hotmail.com,cD55H80MN4Y
120f0,anyaanderson@hotmail.com,x7opEdcBqQcE
f8277,masonrodriquez@hotmail.com,ncKL7c70
667c9,davidgarcia@hotmail.com,58Z62w0jA92v
ca753,madisonwhite@hotmail.com,aMcRB25Z1rF
e7973,devenjones@hotmail.com,5Cmc5Xy44Q0
e2c5e,johnjohnson@hotmail.com,D36f0jlB9G
66438,josephanderson@hotmail.com,1Ck3k60u1
55276,johnhernandez@hotmail.com,zGuY7sfT3
f0c46,noahhernandez@hotmail.com,KF9A8oVWp
d65c4,marymartinez@hotmail.com,b5N6jyN7d
85569,santiagowhite@hotmail.com,YjHT8YGl8l98
f3537,sofiajohnson@hotmail.com,hE6CR9IfJQpa
f9a01,oliviahernandez@hotmail.com,i80C7lbJn
05c44,marydavis@hotmail.com,eON0k1lYj7OZ
12d5a,masonbrown@hotmail.com,Kkc8h8K63SLo
fc4c7,josephsmith@hotmail.com,o6k2QkSQnHl7
32462,davidhernandez@hotmail.com,c67gKoSjV
af8a2,noahwhite@hotmail.com,07TX17nUNi
3f22c,emmahernandez@hotmail.com,G4uJA8c32lH2
725e9,jacobrodriquez@hotmail.com,ibP8m05I8
7a0e2,miadavis@hotmail.com,qOR5ilUQjbJc
5e67e,mateogarcia@hotmail.com,56qQ7U2gR89U
bdcc1,davidwilson@hotmail.com,4xgWFfRJ7tD
26933,marylopez@hotmail.com,pl26oz29I4
28f4b,anyarodriquez@hotmail.com,m4S9nSA3Ow
e6469,shreyathomas@hotmail.com,D2xfOT0Wz9
c43e9,emmadavis@hotmail.com,s2qYR3Dod64
09e3f,barbarajones@hotmail.com,G5bm39TbAb7T
d60f8,sofiasmith@hotmail.com,oz8ssRx68sh
4d43d,jacobrodriquez@gmail.com,44S3M7xg
ffa2a,emilyjones@hotmail.com,O1ks1ia4cSo5
27b02,jamestaylor@hotmail.com,VzRu50t7
4c82c,madisondavis@hotmail.com,FyKT25yaB0
476d3,madisonrodriquez@hotmail.com,vIhk13VM8
76e38,masonbrown@gmail.com,i5FnvWgfP5j4
25d88,jaydentaylor@hotmail.com,8f7w09h1Vq
a10e8,jaydenlopez@hotmail.com,24oq93Jm3U
4d481,emilyjackson@hotmail.com,zgBG59qh2id
f6e03,madisonmoore@hotmail.com,C80z79FLn8d
f0d60,johnlopez@hotmail.com,av49Qd03w
25b7a,jacobmartinez@hotmail.com,81a5S1PdO1
047dd,emilysmith@hotmail.com,UW05DHy4mO
d1b70,shreyagarcia@hotmail.com,LgEw8XRn
4d335,mateoanderson@hotmail.com,3t9MHeZT80
545cd,masonjohnson@hotmail.com,CJd99uqI
ae7ed,santiagolee@hotmail.com,5s52J3sv4z
1be1a,marywilson@hotmail.com,5Pb2IClv
f804c,sofiataylor@hotmail.com,DQizG29DyR
58639,oliviajackson@hotmail.com,jSJaDWg64Ek
13cb1,madisonbrown@hotmail.com,SwuXfTR3na
6eb38,santiagowhite@gmail.com,LceZuS0j
357da,davidmoore@hotmail.com,X39n25wD0sRY
34d06,oliviathomas@gmail.com,ad0J6QJvz
b9497,jamesjones@hotmail.com,0zlEs95Bd57
a7e3f,jacobmoore@hotmail.com,5vQueSedP
09f5e,santiagogarcia@hotmail.com,3Ldf87C1UNei
b331f,ethanwilliams@gmail.com,0X8h28g4FZ8O
b7f8c,anyamoore@hotmail.com,Mv7YkgTVji4
0ff23,josephmiller@hotmail.com,6soAje1hY
35d36,emmalopez@hotmail.com,9A25OZ52
d8b71,jacobjohnson@hotmail.com,06V52AGm
08e41,mateojackson@hotmail.com,z4Ta59hr
4d320,emmawilson@hotmail.com,Fbr56R95l
ceae4,shreyajones@gmail.com,v6HHw5UOj06
eaf9a,marymartin@hotmail.com,3i1Y1u0Nu
8d8c5,chloelopez@hotmail.com,0i96GG04gbS8
0ebd5,anyaanderson@gmail.com,30q5t28Sk7v
6919e,miabrown@hotmail.com,5MF7Vju1
863aa,anyamartin@hotmail.com,72iNMy04Ycc
1ff5f,noahanderson@hotmail.com,06PmQzoBc4v
4cf78,liamsmith@hotmail.com,FJ58bB9xl
adf00,shreyarodriquez@hotmail.com,b58ySNiR56
0fa74,ethanmartin@hotmail.com,THvBQbU4
c929a,oliviawilson@hotmail.com,IMbpY0do
291de,masonmartinez@hotmail.com,VWihF15TG
e6b7d,oliviajackson@gmail.com,yo3YeRbr58z2
8a110,mateosmith@hotmail.com,vTiqS38vWlS0
5c0e9,daviddavis@hotmail.com,f6UX7mb4i5
04cf6,davidmartin@hotmail.com,Vz6MhSuCVq
ef07c,josephwilliams@hotmail.com,Vpr6X8frSfi
8d724,masontaylor@hotmail.com,4GS0o37y
24def,emilymartin@hotmail.com,Q31Ld85u6eTp
60986,marylee@hotmail.com,gPdL42Rp4
0183d,avajackson@hotmail.com,wWK93C5ytGZm
114cb,jaydenjohnson@hotmail.com,T0Fow23E
6d5bc,davidhernandez@gmail.com,ZXnc1Ng4U9
ccf02,devenlopez@hotmail.com,ck6HArPZ0Mb
4a841,emilywhite@hotmail.com,vJk8NK06C6
80528,santiagomartin@hotmail.com,VKi1beK45T
28e68,miabrown@gmail.com,qy8k8cUZ7
14a0a,sofiamartinez@hotmail.com,95jc7T0c7t6
2149c,marywilliams@hotmail.com,Ma7c1gqUgL4
247de,josephjones@hotmail.com,um78ATr5
3f377,barbarabrown@hotmail.com,04MAcEf4y
09481,noahhernandez@gmail.com,fPV3cG98
b9e4a,jamesmiller@hotmail.com,8b3mqPsYY4I
77c3e,jacobgarcia@hotmail.com,83fy9k1y76Ij
067dc,jaydentaylor@gmail.com,ZT25mTxORbH4
61d91,santiagowhite@verizon.net,u63wM8w0zeNT
7d323,anyamartinez@hotmail.com,bIAua2ou4
096f9,maryrodriquez@hotmail.com,nmE4wjR29c2F
b7c89,barbaralee@hotmail.com,6x8u15MoV92
c7822,masonrodriquez@gmail.com,Ub0rGnY8B
dde37,santiagothomas@hotmail.com,K9pB8bIIa7S
10b95,noahmoore@hotmail.com,0e0l79X3
4d431,shreyalee@hotmail.com,mz4XPz0q7IS
86770,masonsmith@hotmail.com,2F4XVo6vbX60
6e398,ethanbrown@hotmail.com,7Oo7seP2F
d44b5,josephwilliams@gmail.com,H5qpX09I
4a61b,jameslopez@gmail.com,2j2rPZ1g57
433e1,ethanlee@hotmail.com,SqIuZNdP4Y79
f6069,noahjohnson@hotmail.com,KF0R64g4ryR
02798,noahrodriquez@gmail.com,zj1beO4YEks
74b13,devenmartin@hotmail.com,FI4uB17C
ea6d6,ethansmith@hotmail.com,88k4kLggYxE
75363,masonrodriquez@verizon.net,y1pPV75e
01720,marythomas@hotmail.com,Z65zt2zv1Sqe
b2603,noahsmith@hotmail.com,qd3cOb1Ma1
f3c8b,jaydendavis@hotmail.com,H5rlOQ1k0
e7215,noahbrown@hotmail.com,7fYbQ4s98mN9
c0f81,oliviaanderson@hotmail.com,Dr8LntHgt9
c4557,masonwhite@hotmail.com,GmNig5A7hh7
206dd,miataylor@hotmail.com,do0L8hb6smB
5fb44,josephhernandez@hotmail.com,d1yYO8F8bBae
c00e8,masonmartin@hotmail.com,zW85qCyjX35G
1eb4a,devenwhite@hotmail.com,uRq5mv5o11B
8a6e1,madisonwilson@hotmail.com,9S17VX5N87
1ea4c,ethanjohnson@hotmail.com,1PM9S61JF08c
3ce62,barbaragarcia@gmail.com,30vmTWsh
b8948,isabellamiller@hotmail.com,Or95E26Jj
e35f0,emmahernandez@gmail.com,KL56CA5ep3
2187a,anyagarcia@hotmail.com,4Kc7DDyAT9
80155,josephhernandez@gmail.com,N5EZ2i8N
1cda4,ethanlopez@hotmail.com,6QyIBgR83S1n
a1219,emmamiller@hotmail.com,zYAfpH90
dab1a,liamlopez@hotmail.com,jWs97IaHo9o1
f7647,sofiawilson@hotmail.com,Cvh4wu8w
0b36d,avadavis@hotmail.com,sY0DrJ2pe7b
691c5,shreyamartin@hotmail.com,7f75F8E26ju
7a2e6,oliviawilliams@hotmail.com,YdvC0tlW1U
49583,anyahernandez@hotmail.com,hx3g93z70U
b39ef,jaydenlee@hotmail.com,RsAtdVxj
5ae9d,ethansmith@gmail.com,95m70FsXR4
8a255,madisonbrown@gmail.com,tZ1lj08oE09q
6631d,emmamartinez@hotmail.com,6tyOK8lRL5m
670a3,santiagojones@hotmail.com,LpqMS7R1n
a9d80,madisonmartinez@hotmail.com,77Ld05J8
87b0d,masongarcia@hotmail.com,1o6zVX8pg28
fbc9a,liammartinez@hotmail.com,86tMe7y69Q
64a5c,santiagogarcia@gmail.com,lm30x7b97Fot
627b3,ethansmith@verizon.net,SBm1dHT2NZ56
2ada1,mateojohnson@hotmail.com,oFgLq47cF2
8d671,masonwilson@hotmail.com,uSy32ad5
09588,josephlee@hotmail.com,pt3pWN41N5
1ddb9,johnwhite@hotmail.com,VB00G04T57B5
4793c,oliviathomas@verizon.net,db1w9un5
9fe9c,chloerodriquez@gmail.com,2RlS51x4q93U
6f4b6,ethanwilliams@verizon.net,A2Qq87x9v6X8
4caf6,mateothomas@hotmail.com,CGioK5CaP
1f919,liammoore@gmail.com,VR49P2Pry27k
95302,madisonwilliams@hotmail.com,J36mF9ri9k
a9f5f,emmarodriquez@hotmail.com,xxQafX45tRa
d31ab,johnrodriquez@hotmail.com,63aAE92UnGX
db136,ethanbrown@gmail.com,CnWhtG77F52U
e4809,chloejohnson@hotmail.com,8Eoy9JVzQf3
2d522,santiagomartinez@hotmail.com,luMlP7hG1iq
72862,davidmoore@gmail.com,utMH0th52yE
9e9f4,barbarawhite@hotmail.com,P1mQ5T8sEBd
40f72,mateothomas@gmail.com,19KU70LUj4f
d2bff,oliviataylor@hotmail.com,ELm90KY7f
73a8b,shreyagarcia@gmail.com,B8tSq49hK
e7255,emmalee@hotmail.com,ttE9R04dTQ3
1e4c7,shreyabrown@hotmail.com,zGN2ZD5E0Op
2ca8b,marytaylor@hotmail.com,lkN6U1AY
37f72,sofiahernandez@gmail.com,i48mr0jWK0
66af7,oliviagarcia@hotmail.com,6W66aFF4u9
b76ff,madisonthomas@hotmail.com,nvOu74aVyN
a503f,avaanderson@hotmail.com,DkE1AI9gt9
42d06,jamesmoore@hotmail.com,T28Zi37b
ac59d,devenmartin@gmail.com,1qh5Avi5T1
4795a,ethangarcia@hotmail.com,8J5b67yU
92423,masonmartinez@gmail.com,Gw9j9f2u7
09b06,davidmoore@verizon.net,Q0v8gGd3hQ1y
2e39f,jamesthomas@hotmail.com,Cr51oPJ61
24b77,marymartinez@gmail.com,DoKL31u74O
e8bd7,josephthomas@hotmail.com,5y5VmD76e6
c6156,davidmartin@gmail.com,ItD7iAlYK8n
3558e,madisonmoore@gmail.com,4P05h8ptZhy4
3a223,johnwilson@hotmail.com,gLti26GgKs
d59b0,madisonjohnson@hotmail.com,MjK87FZtm9K
c4b5b,shreyalopez@hotmail.com,4KoB1ySY
10484,shreyasmith@hotmail.com,eWRsMT6Z
0ae0d,emmajackson@hotmail.com,cOSuoC7r
9f516,shreyathomas@gmail.com,XrTK75qcFJ6e
7eb15,sofiawhite@hotmail.com,7giOaC3PBeo
334f1,ethanwilliams@comcast.com,47pFD9D9
4cbeb,avamartin@hotmail.com,3QC6Rd28Z
1f877,ethanthomas@hotmail.com,jqT36hjC
8cb69,jamesjohnson@hotmail.com,QN8DE2Bi
e822f,ethanjohnson@gmail.com,6G6CJiSu3A5
21c98,jamesrodriquez@hotmail.com,E26ie46a3
e6933,devenmartin@verizon.net,7h4vXv67
c0ffb,masonanderson@gmail.com,mZ3FoFna7
97799,josephjohnson@hotmail.com,OAmz5K19uF
3823b,chloewhite@hotmail.com,7MYl07ge5G
8a800,josephlopez@hotmail.com,J2d9kQ50X1w
173f1,jamesmartinez@hotmail.com,91RW48TimGT
e2954,miamartinez@hotmail.com,HQ1XPlk2
bf3a3,santiagobrown@hotmail.com,UemRlP9W4r
7943c,jamessmith@hotmail.com,9Jw3zY37l
75bc0,jacobsmith@hotmail.com,07yk4M5D5
9e1a5,anyarodriquez@gmail.com,xbXe5w3gB5k
32ea1,oliviajones@hotmail.com,6b0S8IEb
ceb35,liamjackson@hotmail.com,48AkkDBd3
8705a,emilymiller@gmail.com,MuZsWM4f
0ce3c,josephjones@gmail.com,59v0dl6Ql66j
1caac,johnmartin@hotmail.com,naZ3vdWN
23905,barbaraanderson@hotmail.com,9eF2J2gu87I
48282,masonwilliams@hotmail.com,wVl9sa3b12
2e16e,davidmartinez@hotmail.com,2Gx6r50C
d59cd,sofiathomas@hotmail.com,Xm3Hkm15pzO2
73189,anyawilson@hotmail.com,5M4IlRlUPr92
9e4e7,madisonmartin@hotmail.com,32LEf48M
78a11,devenjohnson@hotmail.com,UJ9zfDuU2V
a972f,ethansmith@comcast.com,c0sxX9Q9Guu
bb74d,madisonanderson@hotmail.com,qK9d36r7M
3608b,miarodriquez@hotmail.com,W5WgpG0R4
0f1cd,ethanmartinez@hotmail.com,17pZ55ab2kDH
0d7af,oliviawhite@hotmail.com,Q5q0J87N
92f60,barbaramiller@hotmail.com,1Uy8snF9Ke2Z
645fe,noahlopez@hotmail.com,opLkYG8n
9ed3e,mateowhite@hotmail.com,I7Y2WLloQ1B
cea31,ethanthomas@gmail.com,eXs2M5OVbj99
3cce8,sofiataylor@gmail.com,F8a4lcIBm8MQ
f923a,jaydenmoore@hotmail.com,WuJyqUF9u1
5a180,devenjackson@hotmail.com,B21YlDUq
972ee,avaanderson@gmail.com,aoBs50rJLfC
746f6,miamartin@hotmail.com,13F0X3d21d7E
277c2,devensmith@hotmail.com,1UHwz1e8Bp4
4b463,shreyadavis@hotmail.com,dIehVlsF
28426,davidanderson@hotmail.com,Jo2B04Wp9HU
003c8,emilyhernandez@hotmail.com,Q4Oj8q46s7
d1cf8,santiagothomas@gmail.com,DU92kO3tD4
47ac8,johnlee@hotmail.com,YH53DD7V
9ee8c,davidmartinez@gmail.com,e2W3iMPaBr3
7e1d4,noahdavis@gmail.com,YDk2CUv32r97
6279a,avasmith@hotmail.com,t4ZEf5g3b
21b94,emmajackson@gmail.com,01j2s9ZLo30
0eae0,emilywhite@gmail.com,dIz93aWw
c7e96,liammartin@gmail.com,h5HB45j92o
078e4,avabrown@hotmail.com,1ax88fJ1Y
dfb74,mateomartinez@hotmail.com,65tZ7z4mCH
ee600,emilymoore@hotmail.com,7GtIH29tn
860ce,emilydavis@hotmail.com,MJbR7E6h9V38
02851,masonlee@hotmail.com,1s37qc1A1Gkk
a3929,anyataylor@hotmail.com,2Cx0t67N60SJ
46e2d,ethanhernandez@hotmail.com,lH1o4f12YX1
e0c30,davidsmith@hotmail.com,OjAjY91E07
3c0cf,marylopez@gmail.com,adB4id1hTFoh
2d064,emilydavis@gmail.com,82f2BFgPg5
fbe30,miajohnson@hotmail.com,D8NEbW34h
f95bf,devenlee@hotmail.com,zhQI2V1hJmA
4a35a,mateojackson@gmail.com,ARq5cw9D6
39cc3,mateomoore@hotmail.com,3GvH3Nri
070ca,devenlee@gmail.com,ARw84nx1Vhy4
b9b3d,anyabrown@hotmail.com,hX3GjZ4Wc
b5589,johnlopez@gmail.com,0NtaUxB0
ba8f3,masonjackson@gmail.com,f1gbM4jOR
09dd1,marywhite@gmail.com,7U4t2gG1h
870b0,noahwhite@gmail.com,JaOAdA9R
ce48b,miahernandez@hotmail.com,6Z48EX9hqM
8eb8e,anyajohnson@hotmail.com,wq14Z85fp6G
ed6ec,davidhernandez@verizon.net,FzKh1Z07P23
b8cba,davidhernandez@comcast.com,7U6zoCbeW0HQ
bea6d,barbaralee@gmail.com,I6pWPw9pk0n
d8f58,isabellajones@hotmail.com,jG0YX8gK12oJ
c1204,jacobthomas@hotmail.com,MyTyG4F0C
75a9a,noahmartinez@hotmail.com,10N30Q0U3
6b305,marytaylor@gmail.com,70l7l3tY8diM
2ed45,shreyajohnson@hotmail.com,u1x98BfW
abf46,sofiasmith@gmail.com,iVIeb0c0e1
505b6,oliviasmith@hotmail.com,2rj5DXa0
92673,davidtaylor@hotmail.com,7jN68a1J
1a443,madisonmartin@gmail.com,RJry1ny5Ust7
323e2,noahdavis@verizon.net,7V46MZ5y
9d502,chloewhite@gmail.com,vc8pWR93LX98
7daef,jacobjackson@hotmail.com,QS7F92T7N
53fbf,santiagowilliams@hotmail.com,7paEF2eMhu4
cfe8d,emmathomas@hotmail.com,0A2qj10V
b8ab7,olivialopez@hotmail.com,09D7K00SX5do
5641a,ethanrodriquez@gmail.com,vC03jmG6iB2
7ec7f,chloemoore@hotmail.com,Xm6em14vvI
f12c1,jaydenhernandez@hotmail.com,9vE47O1vuNn
5f379,liamdavis@hotmail.com,XhGil78S8uR
f058f,sofiamartinez@gmail.com,djPsq8FS
cd247,emilymartinez@hotmail.com,8riFuT7kL
d6276,masonjones@hotmail.com,8zUxEvLS
3b5ef,devenmoore@hotmail.com,lb8bX7n1HD
9f67b,jamesdavis@hotmail.com,O1z7T0FC0xIh
5fdd9,marylopez@verizon.net,7L9MqQ0GoI
a58d3,emmathomas@gmail.com,4ps77J2l
5a2d7,avamartin@gmail.com,YQ6rqKAxL3
cd2c3,liamwhite@hotmail.com,GF9vZ2w0L
8cc29,anyajones@hotmail.com,Uka2I68ip
9ae87,masonlee@gmail.com,t1hC95IT
0f204,oliviataylor@gmail.com,2Ve8N3h7GFl0
25978,johngarcia@hotmail.com,m3wIFcg35vsC
395e9,jaydenwilliams@hotmail.com,A44fH6vp08O
52b45,isabelladavis@hotmail.com,uaIXs4Hk
17915,emilytaylor@hotmail.com,KHxz50fxM19
666e3,miamartinez@gmail.com,ieDO8fW4I
3f1d0,madisonjohnson@gmail.com,15BKgVb7A
9eaee,masonmiller@hotmail.com,VZ8YI16v97
12f44,mateobrown@hotmail.com,PBsiNK1z3s
399f8,avawhite@hotmail.com,6L0aG1JLn
e3cc7,santiagomiller@hotmail.com,FtpNyi4lDjhQ
26984,chloejackson@hotmail.com,MdgHs1Wk
3d013,ethanmartinez@gmail.com,w4E77YW1
1cd17,jaydenthomas@gmail.com,Cb7M5bROwq
b690a,josephwilson@gmail.com,s1Q2nTv6
c047b,davidsmith@gmail.com,B0kG6UuCuVU6
8a854,noahmartin@hotmail.com,0yvXN2YXi6W
0bd8d,santiagowilliams@gmail.com,ZWqo8J2CrhF
ef6c1,sofialee@hotmail.com,CyMh16i8x
bfdb2,avawhite@gmail.com,KeYKaX8cp
8bbdb,jaydenjackson@hotmail.com,KjMY6Ct88fPu
b6fae,oliviawilson@gmail.com,hfNSuVh80V
7ac9a,oliviataylor@verizon.net,qtJE82Led7L
b12f9,madisonbrown@verizon.net,20eLyG0s
de11f,barbarajones@gmail.com,qnQ5hmNO15l
10011,santiagomartin@gmail.com,OsK7G16Z
42cae,noahtaylor@hotmail.com,GB9pwLcCa
94ca9,josephanderson@gmail.com,z68R4Nn14jOf
bca53,devenlopez@gmail.com,AKr07H2H
a4f4d,emilyjones@gmail.com,UrVcw78hX33
ca9bd,miamartinez@verizon.net,5aHJn7l7T
c0774,jacobtaylor@hotmail.com,Bp6i8Aa4gY
a4196,madisonjones@hotmail.com,B24oVjL7b5U0
20fc3,mateothomas@verizon.net,1OOjtO33v6aG
865ef,emilymartin@gmail.com,it4tj2MB
88e39,emmawhite@hotmail.com,DQq8s81E
f9083,devenhernandez@hotmail.com,LMf9cJD9
9de10,ethanthomas@verizon.net,mzC16o3D
26cac,barbarajohnson@hotmail.com,B47bHxH95
efa4d,josephbrown@hotmail.com,5Fw9kv8b
53c99,marysmith@hotmail.com,vYfyBExe4
0db28,josephlee@gmail.com,0Ew07gp6
efc55,emilywhite@verizon.net,2S66kOJ8
91988,mateowhite@gmail.com,POujBY1QC6Y
82deb,jaydendavis@gmail.com,06cU7RJtKh
51874,emmataylor@gmail.com,Db4A0nL72z8l
40de9,santiagolee@gmail.com,uQ0O97y6ZJ6
77fbf,emmamartin@hotmail.com,jv09inWeQ20U
57926,olivialee@hotmail.com,i5I3EFeh
e44a7,oliviasmith@gmail.com,r98da15x
07e22,avalopez@hotmail.com,wPbIghVN3
f4ec2,devenlopez@verizon.net,UknSidNX1v8
5791b,oliviagarcia@gmail.com,I73p26RQbG0M
0fe8a,isabellawhite@hotmail.com,3YS6II35bDG
e931e,emilywilson@gmail.com,xe7Bvt9od
0b6a3,jameswhite@hotmail.com,Z8jf65yWIz
e293a,anyamoore@gmail.com,Dq3Nfn2oR
cf965,josephbrown@gmail.com,km7U3o82p
c2a8d,barbaramoore@hotmail.com,cMo26d8Jz01
ef2b0,davidbrown@hotmail.com,9xE78J2PM6
e19ee,josephjohnson@gmail.com,p1gi92GpN3H
92bda,noahbrown@gmail.com,o5FuvUleD
c8ed8,emmamiller@gmail.com,T74o3uCJjjDE
a5a9b,sofiadavis@hotmail.com,H9AwO0o7
335ed,liammiller@hotmail.com,f1iWseDN
73e76,jamesjackson@hotmail.com,OO34io4sr8
0fd8c,noahlopez@gmail.com,CL1eWWtqRyK
bd888,davidwilson@gmail.com,nr2U2xKU5
2f4c2,avamartin@verizon.net,k6cz0DLt
a1255,anyabrown@gmail.com,y9amNZ61oL5j
1a9d8,maryjackson@hotmail.com,WI1j29pf2
6d547,anyajones@gmail.com,9nn5BEqp
1a2cb,emmaanderson@hotmail.com,gz1hc7N70c
7c7ff,jaydenmoore@gmail.com,07dSHoEGtf2
3a789,anyadavis@hotmail.com,EfhJr8WaVavX
96a57,mialee@verizon.net,t4Ok7tsM96h
8a99f,liamlee@hotmail.com,T0KHj24y7
cf28c,miagarcia@hotmail.com,L2F9ToM9
6da14,liamhernandez@hotmail.com,W96r1Hc0
b0ad6,mateolee@hotmail.com,8Zks4zw6M8Gj
1a2f9,shreyataylor@hotmail.com,cJAbqDNb
04b3b,ethangarcia@gmail.com,InVJhS1t
cb82b,sofiawilson@gmail.com,GKv82w6M6TU3
8fbfc,avalopez@gmail.com,KGn8HI3eg
4cb6b,isabellathomas@hotmail.com,9Q15nl8ff4bx
aa316,johnwhite@gmail.com,88hhOD85QL
00285,shreyawilliams@hotmail.com,21V7Z0b10
45407,masonwhite@gmail.com,1zGboTU2JA4
f9180,masonmartinez@verizon.net,0X0VA4vQ
31baa,jameslopez@verizon.net,ioIStBRu
6a3bb,mateojohnson@gmail.com,Pv9m53YmANf
