29b9e/profile.jpg,,,,
15015/profile.jpg,,,,F00f
b0180/profile.jpg,,,,F004
914ca/profile.jpg,,,,F011
e0a64/profile.jpg,,,,
810ff/profile.jpg,,,,F007
7d2f1/profile.jpg,,,,F006
c2d5b/profile.jpg,,,,F008
4cc70/profile.jpg,,,,F011
13854/profile.jpg,,,,F012
6dfe3/profile.jpg,,,,F009
eed1d/profile.jpg,,,,F007
6de62/profile.jpg,,,,F012
6a579/profile.jpg,,,,F007
712e1/profile.jpg,,,,
686ad/profile.jpg,,,,
377ac/profile.jpg,,,,F002
b6952/profile.jpg,,,,F009
67e7d/profile.jpg,,,,F00f
57a1e/profile.jpg,,,,F011
b38c4/profile.jpg,,,,F004
3f818/profile.jpg,,,,F00e
a8cf4/profile.jpg,,,,F00f
4d26a/profile.jpg,,,,
6468e/profile.jpg,,,,F004
7909e/profile.jpg,,,,F008
52164/profile.jpg,,,,F009
f2359/profile.jpg,,,,F00f
d2762/profile.jpg,,,,
e2b51/profile.jpg,,,,F002
40adb/profile.jpg,,,,F009
e57cc/profile.jpg,,,,
7b1b8/profile.jpg,,,,F007
2e361/profile.jpg,,,,F011
39509/profile.jpg,,,,F00f
3a862/profile.jpg,,,,F00f
ca17a/profile.jpg,,,,F012
d86b8/profile.jpg,,,,
c2b11/profile.jpg,,,,F003
9769f/profile.jpg,,,,F009
62235/profile.jpg,,,,F003
4a18b/profile.jpg,,,,F00e
ac6e5/profile.jpg,,,,F008
ab36b/profile.jpg,,,,
186b1/profile.jpg,,,,F007
c29f7/profile.jpg,,,,F010
bb532/profile.jpg,,,,
244b3/profile.jpg,,,,
9d28d/profile.jpg,,,,F007
0786e/profile.jpg,,,,
0adc0/profile.jpg,,,,F00a
2d1b8/profile.jpg,,,,F009
120f0/profile.jpg,,,,F00f
f8277/profile.jpg,,,,F00a
667c9/profile.jpg,,,,
ca753/profile.jpg,,,,F00a
e7973/profile.jpg,,,,F006
e2c5e/profile.jpg,,,,F003
66438/profile.jpg,,,,F00f
55276/profile.jpg,,,,F002
f0c46/profile.jpg,,,,F012
d65c4/profile.jpg,,,,
85569/profile.jpg,,,,
f3537/profile.jpg,,,,
f9a01/profile.jpg,,,,F006
05c44/profile.jpg,,,,F006
12d5a/profile.jpg,,,,F006
fc4c7/profile.jpg,,,,F002
32462/profile.jpg,,,,F00a
af8a2/profile.jpg,,,,F010
3f22c/profile.jpg,,,,F011
725e9/profile.jpg,,,,F010
7a0e2/profile.jpg,,,,F002
5e67e/profile.jpg,,,,
bdcc1/profile.jpg,,,,
26933/profile.jpg,,,,F007
28f4b/profile.jpg,,,,F002
e6469/profile.jpg,,,,F004
c43e9/profile.jpg,,,,F009
09e3f/profile.jpg,,,,F007
d60f8/profile.jpg,,,,F009
4d43d/profile.jpg,,,,F008
ffa2a/profile.jpg,,,,F006
27b02/profile.jpg,,,,
4c82c/profile.jpg,,,,
476d3/profile.jpg,,,,F007
76e38/profile.jpg,,,,F007
25d88/profile.jpg,,,,
a10e8/profile.jpg,,,,F011
4d481/profile.jpg,,,,F006
f6e03/profile.jpg,,,,
f0d60/profile.jpg,,,,F006
25b7a/profile.jpg,,,,F006
047dd/profile.jpg,,,,
d1b70/profile.jpg,,,,F00f
4d335/profile.jpg,,,,
1be1a/profile.jpg,,,,F009
ae7ed/profile.jpg,,,,
545cd/profile.jpg,,,,F009
f804c/profile.jpg,,,,
58639/profile.jpg,,,,F00d
6eb38/profile.jpg,,,,F007
13cb1/profile.jpg,,,,
357da/profile.jpg,,,,
b9497/profile.jpg,,,,F007
34d06/profile.jpg,,,,
a7e3f/profile.jpg,,,,F002
09f5e/profile.jpg,,,,F009
b7f8c/profile.jpg,,,,F010
b331f/profile.jpg,,,,F006
0ff23/profile.jpg,,,,F009
35d36/profile.jpg,,,,F00a
d8b71/profile.jpg,,,,F006
4d320/profile.jpg,,,,F00a
08e41/profile.jpg,,,,F00a
ceae4/profile.jpg,,,,F003
eaf9a/profile.jpg,,,,F004
8d8c5/profile.jpg,,,,F006
863aa/profile.jpg,,,,F00a
6919e/profile.jpg,,,,
0ebd5/profile.jpg,,,,F006
1ff5f/profile.jpg,,,,F008
4cf78/profile.jpg,,,,F004
0fa74/profile.jpg,,,,F006
adf00/profile.jpg,,,,
c929a/profile.jpg,,,,
e6b7d/profile.jpg,,,,F002
291de/profile.jpg,,,,F009
8a110/profile.jpg,,,,F002
04cf6/profile.jpg,,,,F004
5c0e9/profile.jpg,,,,F009
8d724/profile.jpg,,,,F006
ef07c/profile.jpg,,,,F002
24def/profile.jpg,,,,F004
60986/profile.jpg,,,,F00a
114cb/profile.jpg,,,,F007
0183d/profile.jpg,,,,F007
ccf02/profile.jpg,,,,F006
6d5bc/profile.jpg,,,,F007
4a841/profile.jpg,,,,F011
80528/profile.jpg,,,,F00e
28e68/profile.jpg,,,,
14a0a/profile.jpg,,,,F004
2149c/profile.jpg,,,,F00a
247de/profile.jpg,,,,F006
3f377/profile.jpg,,,,F00a
09481/profile.jpg,,,,F00a
b9e4a/profile.jpg,,,,F008
067dc/profile.jpg,,,,F007
77c3e/profile.jpg,,,,
7d323/profile.jpg,,,,F00f
61d91/profile.jpg,,,,F011
b7c89/profile.jpg,,,,F00f
096f9/profile.jpg,,,,F006
dde37/profile.jpg,,,,F00f
c7822/profile.jpg,,,,F006
10b95/profile.jpg,,,,F006
4d431/profile.jpg,,,,F002
86770/profile.jpg,,,,F00a
d44b5/profile.jpg,,,,
6e398/profile.jpg,,,,F00f
4a61b/profile.jpg,,,,F005
f6069/profile.jpg,,,,F011
433e1/profile.jpg,,,,F006
02798/profile.jpg,,,,
74b13/profile.jpg,,,,F011
ea6d6/profile.jpg,,,,
01720/profile.jpg,,,,F00f
75363/profile.jpg,,,,
b2603/profile.jpg,,,,F00e
f3c8b/profile.jpg,,,,
e7215/profile.jpg,,,,F006
c0f81/profile.jpg,,,,F00f
c4557/profile.jpg,,,,
5fb44/profile.jpg,,,,F004
206dd/profile.jpg,,,,F012
c00e8/profile.jpg,,,,F008
1eb4a/profile.jpg,,,,F006
8a6e1/profile.jpg,,,,
1ea4c/profile.jpg,,,,
3ce62/profile.jpg,,,,F009
b8948/profile.jpg,,,,F007
e35f0/profile.jpg,,,,F011
80155/profile.jpg,,,,F002
2187a/profile.jpg,,,,F00e
1cda4/profile.jpg,,,,F00f
a1219/profile.jpg,,,,F00a
dab1a/profile.jpg,,,,F00e
0b36d/profile.jpg,,,,F007
f7647/profile.jpg,,,,
691c5/profile.jpg,,,,F011
7a2e6/profile.jpg,,,,
49583/profile.jpg,,,,F00f
b39ef/profile.jpg,,,,F007
5ae9d/profile.jpg,,,,F008
8a255/profile.jpg,,,,F006
6631d/profile.jpg,,,,
670a3/profile.jpg,,,,
a9d80/profile.jpg,,,,
87b0d/profile.jpg,,,,
fbc9a/profile.jpg,,,,
64a5c/profile.jpg,,,,F002
627b3/profile.jpg,,,,
2ada1/profile.jpg,,,,
8d671/profile.jpg,,,,F009
09588/profile.jpg,,,,F00f
1ddb9/profile.jpg,,,,F011
4793c/profile.jpg,,,,
9fe9c/profile.jpg,,,,
6f4b6/profile.jpg,,,,F006
4caf6/profile.jpg,,,,F008
1f919/profile.jpg,,,,F00f
95302/profile.jpg,,,,F002
a9f5f/profile.jpg,,,,F008
d31ab/profile.jpg,,,,F006
db136/profile.jpg,,,,F013
e4809/profile.jpg,,,,F00a
2d522/profile.jpg,,,,F009
72862/profile.jpg,,,,F00f
9e9f4/profile.jpg,,,,F007
40f72/profile.jpg,,,,F00a
d2bff/profile.jpg,,,,F005
73a8b/profile.jpg,,,,F007
e7255/profile.jpg,,,,
1e4c7/profile.jpg,,,,F007
2ca8b/profile.jpg,,,,F003
37f72/profile.jpg,,,,F007
66af7/profile.jpg,,,,F004
b76ff/profile.jpg,,,,F011
a503f/profile.jpg,,,,F008
42d06/profile.jpg,,,,
ac59d/profile.jpg,,,,F005
4795a/profile.jpg,,,,F007
92423/profile.jpg,,,,
09b06/profile.jpg,,,,F00f
2e39f/profile.jpg,,,,F009
24b77/profile.jpg,,,,F00a
e8bd7/profile.jpg,,,,F00a
c6156/profile.jpg,,,,
3558e/profile.jpg,,,,F003
3a223/profile.jpg,,,,F007
d59b0/profile.jpg,,,,F00a
c4b5b/profile.jpg,,,,F00a
10484/profile.jpg,,,,F008
0ae0d/profile.jpg,,,,F009
9f516/profile.jpg,,,,F007
7eb15/profile.jpg,,,,F007
334f1/profile.jpg,,,,F002
4cbeb/profile.jpg,,,,F005
1f877/profile.jpg,,,,F007
8cb69/profile.jpg,,,,F006
e822f/profile.jpg,,,,F002
21c98/profile.jpg,,,,F00f
e6933/profile.jpg,,,,F004
c0ffb/profile.jpg,,,,F013
97799/profile.jpg,,,,F012
3823b/profile.jpg,,,,F00a
8a800/profile.jpg,,,,F009
173f1/profile.jpg,,,,F006
e2954/profile.jpg,,,,F007
bf3a3/profile.jpg,,,,
7943c/profile.jpg,,,,F011
75bc0/profile.jpg,,,,F00f
9e1a5/profile.jpg,,,,F00a
32ea1/profile.jpg,,,,F002
ceb35/profile.jpg,,,,F00a
8705a/profile.jpg,,,,F00f
0ce3c/profile.jpg,,,,
1caac/profile.jpg,,,,F007
23905/profile.jpg,,,,F00a
48282/profile.jpg,,,,F007
2e16e/profile.jpg,,,,F002
d59cd/profile.jpg,,,,F006
73189/profile.jpg,,,,F002
9e4e7/profile.jpg,,,,F009
78a11/profile.jpg,,,,F011
a972f/profile.jpg,,,,F00f
bb74d/profile.jpg,,,,F007
3608b/profile.jpg,,,,F004
0f1cd/profile.jpg,,,,F00a
0d7af/profile.jpg,,,,
92f60/profile.jpg,,,,F007
645fe/profile.jpg,,,,
9ed3e/profile.jpg,,,,F006
cea31/profile.jpg,,,,F009
3cce8/profile.jpg,,,,F011
f923a/profile.jpg,,,,
5a180/profile.jpg,,,,
972ee/profile.jpg,,,,F00f
746f6/profile.jpg,,,,F00f
277c2/profile.jpg,,,,F011
4b463/profile.jpg,,,,F007
28426/profile.jpg,,,,F007
003c8/profile.jpg,,,,F005
d1cf8/profile.jpg,,,,
47ac8/profile.jpg,,,,
9ee8c/profile.jpg,,,,
7e1d4/profile.jpg,,,,F007
6279a/profile.jpg,,,,F00f
21b94/profile.jpg,,,,F00f
0eae0/profile.jpg,,,,F008
c7e96/profile.jpg,,,,
078e4/profile.jpg,,,,
dfb74/profile.jpg,,,,
ee600/profile.jpg,,,,F00f
860ce/profile.jpg,,,,F007
02851/profile.jpg,,,,F004
a3929/profile.jpg,,,,F009
46e2d/profile.jpg,,,,
e0c30/profile.jpg,,,,F007
3c0cf/profile.jpg,,,,F007
2d064/profile.jpg,,,,
fbe30/profile.jpg,,,,F00a
f95bf/profile.jpg,,,,F006
4a35a/profile.jpg,,,,F00f
39cc3/profile.jpg,,,,F006
070ca/profile.jpg,,,,F008
b9b3d/profile.jpg,,,,F006
b5589/profile.jpg,,,,F007
ba8f3/profile.jpg,,,,F007
09dd1/profile.jpg,,,,
870b0/profile.jpg,,,,F00a
ce48b/profile.jpg,,,,F003
8eb8e/profile.jpg,,,,F011
ed6ec/profile.jpg,,,,F006
b8cba/profile.jpg,,,,F007
bea6d/profile.jpg,,,,F002
d8f58/profile.jpg,,,,F010
c1204/profile.jpg,,,,F006
75a9a/profile.jpg,,,,
6b305/profile.jpg,,,,
2ed45/profile.jpg,,,,F00f
abf46/profile.jpg,,,,
505b6/profile.jpg,,,,
92673/profile.jpg,,,,F008
1a443/profile.jpg,,,,F010
323e2/profile.jpg,,,,F006
9d502/profile.jpg,,,,F002
7daef/profile.jpg,,,,F002
53fbf/profile.jpg,,,,F008
cfe8d/profile.jpg,,,,F007
b8ab7/profile.jpg,,,,F008
5641a/profile.jpg,,,,F00a
7ec7f/profile.jpg,,,,F00f
f12c1/profile.jpg,,,,F008
5f379/profile.jpg,,,,F004
f058f/profile.jpg,,,,F004
cd247/profile.jpg,,,,F00a
d6276/profile.jpg,,,,F007
3b5ef/profile.jpg,,,,
9f67b/profile.jpg,,,,F012
5fdd9/profile.jpg,,,,F008
a58d3/profile.jpg,,,,F009
5a2d7/profile.jpg,,,,F007
cd2c3/profile.jpg,,,,F003
8cc29/profile.jpg,,,,F002
9ae87/profile.jpg,,,,
0f204/profile.jpg,,,,F005
25978/profile.jpg,,,,F006
395e9/profile.jpg,,,,F007
52b45/profile.jpg,,,,F007
17915/profile.jpg,,,,F008
666e3/profile.jpg,,,,
3f1d0/profile.jpg,,,,F012
9eaee/profile.jpg,,,,F002
12f44/profile.jpg,,,,F007
399f8/profile.jpg,,,,F009
e3cc7/profile.jpg,,,,F012
26984/profile.jpg,,,,
3d013/profile.jpg,,,,F006
1cd17/profile.jpg,,,,
b690a/profile.jpg,,,,F00d
c047b/profile.jpg,,,,F00f
8a854/profile.jpg,,,,F008
0bd8d/profile.jpg,,,,F007
ef6c1/profile.jpg,,,,F009
bfdb2/profile.jpg,,,,F00f
8bbdb/profile.jpg,,,,F00d
b6fae/profile.jpg,,,,
7ac9a/profile.jpg,,,,F007
b12f9/profile.jpg,,,,F007
de11f/profile.jpg,,,,F004
10011/profile.jpg,,,,
42cae/profile.jpg,,,,F008
94ca9/profile.jpg,,,,F006
bca53/profile.jpg,,,,F004
a4f4d/profile.jpg,,,,
ca9bd/profile.jpg,,,,F009
c0774/profile.jpg,,,,F012
a4196/profile.jpg,,,,F00a
20fc3/profile.jpg,,,,F006
865ef/profile.jpg,,,,F00f
9de10/profile.jpg,,,,
f9083/profile.jpg,,,,F00f
88e39/profile.jpg,,,,F012
efa4d/profile.jpg,,,,F006
26cac/profile.jpg,,,,F009
53c99/profile.jpg,,,,F009
0db28/profile.jpg,,,,F010
efc55/profile.jpg,,,,F00f
91988/profile.jpg,,,,F003
82deb/profile.jpg,,,,F009
51874/profile.jpg,,,,F011
40de9/profile.jpg,,,,F00f
77fbf/profile.jpg,,,,F00e
57926/profile.jpg,,,,F00d
e44a7/profile.jpg,,,,F008
07e22/profile.jpg,,,,
f4ec2/profile.jpg,,,,F009
5791b/profile.jpg,,,,F00f
0fe8a/profile.jpg,,,,F006
0b6a3/profile.jpg,,,,F00f
e931e/profile.jpg,,,,F006
cf965/profile.jpg,,,,F00f
e293a/profile.jpg,,,,F00f
ef2b0/profile.jpg,,,,
c2a8d/profile.jpg,,,,F00c
e19ee/profile.jpg,,,,F002
92bda/profile.jpg,,,,
c8ed8/profile.jpg,,,,F011
a5a9b/profile.jpg,,,,F008
335ed/profile.jpg,,,,F00a
0fd8c/profile.jpg,,,,
73e76/profile.jpg,,,,F011
bd888/profile.jpg,,,,F012
2f4c2/profile.jpg,,,,
a1255/profile.jpg,,,,F00a
1a9d8/profile.jpg,,,,
6d547/profile.jpg,,,,F005
7c7ff/profile.jpg,,,,F005
1a2cb/profile.jpg,,,,F007
3a789/profile.jpg,,,,F00e
96a57/profile.jpg,,,,F007
8a99f/profile.jpg,,,,
cf28c/profile.jpg,,,,F002
b0ad6/profile.jpg,,,,F00c
6da14/profile.jpg,,,,F00f
04b3b/profile.jpg,,,,F011
1a2f9/profile.jpg,,,,F009
cb82b/profile.jpg,,,,F008
8fbfc/profile.jpg,,,,F007
4cb6b/profile.jpg,,,,F010
00285/profile.jpg,,,,F00a
aa316/profile.jpg,,,,F00a
45407/profile.jpg,,,,F003
6a3bb/profile.jpg,,,,F006
31baa/profile.jpg,,,,F002
f9180/profile.jpg,,,,F012
29b9e/image_0063.jpg,true,C0004,,F007;F00a;F003
15015/image_0008.jpg,true,C011f,,F007;F012
b0180/image_0054.jpg,true,C001d,,F009;F008;F000
914ca/image_0063.jpg,true,C00bd,,F000;F00b
e0a64/image_0008.jpg,true,C00a5,,F006;F00a;F00d
810ff/image_0008.jpg,true,C011f,,F003;F005;F013
7d2f1/image_0063.jpg,true,C0047,,F00f;F007;F011
c2d5b/image_0008.jpg,true,C003c,,F009;F004
4cc70/image_0008.jpg,true,C00e4,,F00f;F010;F001
13854/image_0054.jpg,true,C005c,,F00f;F009;F00d
6dfe3/image_0193.jpg,true,C0009,,F006;F005;F00b
eed1d/image_0063.jpg,true,C00de,,F012;F001
6de62/image_0054.jpg,true,C0058,,F007;F012;F00b
6a579/image_0063.jpg,true,C0075,,F010;F00d;F013
712e1/image_0008.jpg,true,C00d9,,F011;F003;F00c
686ad/image_0054.jpg,true,C0091,,F000;F00b
377ac/image_0008.jpg,true,C0113,,F004;F005;F013
b6952/image_0008.jpg,true,C011c,,F00a;F00c;F000
67e7d/image_0008.jpg,true,C00f9,,F005;F013;F000
57a1e/image_0008.jpg,true,C00c0,,F011;F004
b38c4/image_0063.jpg,true,C003d,,F005;F000;F013
3f818/image_0063.jpg,true,C00c7,,F006;F00a;F013
a8cf4/image_0063.jpg,true,C0048,,F007;F006;F011
4d26a/image_0054.jpg,true,C011d,,F009;F00e
6468e/image_0049.jpg,true,C00f0,,F008;F002;F00b
7909e/image_0008.jpg,true,C0098,,F011;F004;F00d
52164/image_0063.jpg,true,C009c,,F005;F00d;F013
f2359/image_0049.jpg,true,C000f,,F007;F002;F00b
d2762/image_0054.jpg,true,C00ce,,F007;F000;F00c
e2b51/image_0088.jpg,true,C00a2,,F00f;F009;F011
40adb/image_0063.jpg,true,C011c,,F006;F00a;F00b
e57cc/image_0063.jpg,true,C0127,,F008;F00c
7b1b8/image_0063.jpg,true,C0091,,F00f;F007;F000
2e361/image_0088.jpg,true,C00b4,,F006;F008;F005
39509/image_0054.jpg,true,C0056,,F00f;F007;F00c
3a862/image_0088.jpg,true,C00aa,,F00f;F009;F00c
ca17a/image_0008.jpg,true,C0076,,F006;F005;F00b
d86b8/image_0049.jpg,true,C007e,,F008;F00e;F00b
c2b11/image_0063.jpg,true,C005e,,F00f;F011;F001
9769f/image_0063.jpg,true,C00ba,,F006;F003;F00b
62235/image_0063.jpg,true,C0042,,F002;F003;F00b
4a18b/image_0054.jpg,true,C00fe,,F00f;F00b
ac6e5/image_0049.jpg,true,C009f,,F002;F001
ab36b/image_0008.jpg,true,C006f,,F006;F00a;F004
186b1/image_0049.jpg,true,C0013,,F003;F005;F00c
c29f7/image_0049.jpg,true,C009c,,F011;F005;F010
bb532/image_0063.jpg,true,C0100,,F008;F002;F00b
244b3/image_0063.jpg,true,C0081,,F007;F005;F000
9d28d/image_0063.jpg,true,C011d,,F007;F009;F001
0786e/image_0008.jpg,true,C008e,,F009;F003;F00c
0adc0/image_0063.jpg,true,C000d,,F008;F012
2d1b8/image_0193.jpg,true,C00c1,,F012;F005;F00e
120f0/image_0193.jpg,true,C00b9,,F007;F002
f8277/image_0063.jpg,true,C008c,,F005;F001
667c9/image_0054.jpg,true,C00ed,,F009;F012;F00b
ca753/image_0063.jpg,true,C006f,,F008;F002;F013
e7973/image_0063.jpg,true,C00aa,,F011;F012;F00d
e2c5e/image_0008.jpg,true,C00ae,,F008;F00e;F000
66438/image_0054.jpg,true,C0022,,F009;F008;F010
55276/image_0008.jpg,true,C0081,,F010;F00e;F00c
f0c46/image_0008.jpg,true,C00d5,,F00f;F007;F00c
d65c4/image_0063.jpg,true,C00ad,,F007;F003;F00d
85569/image_0063.jpg,true,C00cf,,F005;F00d;F013
f3537/image_0008.jpg,true,C0007,,F004;F000;F00b
f9a01/image_0008.jpg,true,C0061,,F007;F010;F00b
05c44/image_0008.jpg,true,C0031,,F010;F00e;F00d
12d5a/image_0193.jpg,true,C00a4,,F006;F012;F00e
fc4c7/image_0054.jpg,true,C00c8,,F011;F010;F013
32462/image_0049.jpg,true,C001c,,F006;F005;F00b
af8a2/image_0088.jpg,true,C00f1,,F007;F006;F011
3f22c/image_0054.jpg,true,C008f,,F009;F005;F00e
725e9/image_0063.jpg,true,C0094,,F010;F005;F00c
7a0e2/image_0193.jpg,true,C00dc,,F008;F00a;F001
5e67e/image_0008.jpg,true,C00ba,,F007;F011;F012
bdcc1/image_0063.jpg,true,C0012,,F006;F008;F005
26933/image_0063.jpg,true,C001d,,F011;F000;F00b
28f4b/image_0008.jpg,true,C0106,,F00a;F005
e6469/image_0008.jpg,true,C003c,,F007;F009;F000
c43e9/image_0008.jpg,true,C011e,,F006;F00c;F001
09e3f/image_0008.jpg,true,C0008,,F00f;F007;F00a
d60f8/image_0008.jpg,true,C0119,,F00f;F011;F013
4d43d/image_0088.jpg,true,C005e,,F007;F003;F000
ffa2a/image_0049.jpg,true,C00c6,,F011;F003;F001
27b02/image_0049.jpg,true,C0058,,F007;F00a;F00c
4c82c/image_0063.jpg,true,C00b2,,F012;F000;F001
476d3/image_0049.jpg,true,C00e3,,F00f;F009;F003
76e38/image_0008.jpg,true,C0005,,F004;F00c;F013
25d88/image_0063.jpg,true,C00b4,,F00f;F003;F005
a10e8/image_0088.jpg,true,C011b,,F009;F00e;F00c
4d481/image_0063.jpg,true,C008a,,F011;F00e;F000
f6e03/image_0008.jpg,true,C0014,,F002;F004;F000
f0d60/image_0063.jpg,true,C004b,,F007;F010;F00d
25b7a/image_0088.jpg,true,C00fb,,F008;F011;F010
047dd/image_0008.jpg,true,C0034,,F009;F005;F00b
d1b70/image_0063.jpg,true,C0027,,F006;F008;F00e
4d335/image_0088.jpg,true,C0043,,F008;F00a;F00e
1be1a/image_0049.jpg,true,C00e9,,F007;F011;F00b
ae7ed/image_0008.jpg,true,C0004,,F00f;F004;F005
545cd/image_0193.jpg,true,C0055,,F00e;F00d;F00c
f804c/image_0088.jpg,true,C00f1,,F00a;F013
58639/image_0008.jpg,true,C0116,,F008;F00a;F00d
6eb38/image_0008.jpg,true,C0036,,F00f;F012;F001
13cb1/image_0088.jpg,true,C0038,,F006;F009;F000
357da/image_0063.jpg,true,C00bb,,F009;F008;F012
b9497/image_0008.jpg,true,C0127,,F005;F000;F013
34d06/image_0063.jpg,true,C0021,,F002;F001
a7e3f/image_0054.jpg,true,C00e9,,F011;F005
09f5e/image_0049.jpg,true,C00de,,F00a;F005;F00e
b7f8c/image_0008.jpg,true,C0103,,F012;F005;F000
b331f/image_0054.jpg,true,C005f,,F006;F011;F004
0ff23/image_0008.jpg,true,C00a6,,F011;F010;F000
35d36/image_0008.jpg,true,C0073,,F006;F008;F005
d8b71/image_0063.jpg,true,C00e0,,F005;F010
4d320/image_0049.jpg,true,C0025,,F006;F009;F005
08e41/image_0088.jpg,true,C0019,,F002;F003;F00b
ceae4/image_0063.jpg,true,C0093,,F00f;F009;F008
eaf9a/image_0054.jpg,true,C00cf,,F012;F003;F004
8d8c5/image_0063.jpg,true,C0063,,F00f;F00e;F000
863aa/image_0008.jpg,true,C0048,,F004;F00e
6919e/image_0088.jpg,true,C0045,,F003;F000;F00b
0ebd5/image_0193.jpg,true,C00c1,,F00f;F009;F010
1ff5f/image_0054.jpg,true,C00a4,,F011;F000;F00c
4cf78/image_0008.jpg,true,C0111,,F006;F012;F00d
0fa74/image_0088.jpg,true,C005c,,F007;F009;F002
adf00/image_0054.jpg,true,C000f,,F00f;F00c;F013
c929a/image_0008.jpg,true,C0026,,F00a;F004;F013
e6b7d/image_0088.jpg,true,C0059,,F002;F005
291de/image_0049.jpg,true,C00b6,,F009;F004
8a110/image_0088.jpg,true,C0085,,F007;F008
04cf6/image_0063.jpg,true,C0085,,F008;F013;F001
5c0e9/image_0008.jpg,true,C009e,,F007;F011;F013
8d724/image_0063.jpg,true,C00a4,,F009;F003
ef07c/image_0008.jpg,true,C00cf,,F010;F00d
24def/image_0054.jpg,true,C005c,,F00f;F008;F000
60986/image_0008.jpg,true,C006b,,F012;F00c;F00b
114cb/image_0008.jpg,true,C011a,,F00a;F012;F000
0183d/image_0063.jpg,true,C0095,,F008;F010;F005
ccf02/image_0049.jpg,true,C0108,,F010;F00e;F00d
6d5bc/image_0008.jpg,true,C007d,,F007;F00a;F010
4a841/image_0008.jpg,true,C00a9,,F00f;F008;F000
80528/image_0063.jpg,true,C003b,,F012;F005
28e68/image_0008.jpg,true,C0097,,F008;F010;F013
14a0a/image_0054.jpg,true,C001e,,F005;F000;F013
2149c/image_0008.jpg,true,C011f,,F004;F00d;F00c
247de/image_0054.jpg,true,C008b,,F007;F00d;F00c
3f377/image_0063.jpg,true,C0028,,F009;F005;F010
09481/image_0049.jpg,true,C00c6,,F00f;F009;F004
b9e4a/image_0049.jpg,true,C0041,,F00a;F003;F001
067dc/image_0063.jpg,true,C0063,,F011;F000
77c3e/image_0054.jpg,true,C011a,,F00a;F003;F001
7d323/image_0008.jpg,true,C002a,,F007;F000
61d91/image_0063.jpg,true,C00ca,,F006;F002;F00d
b7c89/image_0088.jpg,true,C0061,,F004;F010;F005
096f9/image_0008.jpg,true,C00a1,,F012;F005;F013
dde37/image_0063.jpg,true,C00ee,,F007;F009;F001
c7822/image_0008.jpg,true,C001a,,F007;F00a;F005
10b95/image_0088.jpg,true,C00d7,,F00f;F00a;F00e
4d431/image_0008.jpg,true,C004d,,F00f;F00e;F00b
86770/image_0054.jpg,true,C0009,,F005;F013;F000
d44b5/image_0063.jpg,true,C0121,,F010;F00d;F000
6e398/image_0008.jpg,true,C00f5,,F007;F010;F00d
4a61b/image_0008.jpg,true,C0042,,F009;F008;F00e
f6069/image_0063.jpg,true,C001b,,F00f;F007;F010
433e1/image_0054.jpg,true,C006b,,F009;F00e;F013
02798/image_0049.jpg,true,C0045,,F004;F00e;F00b
74b13/image_0063.jpg,true,C00d1,,F008;F011;F010
ea6d6/image_0054.jpg,true,C0060,,F00f;F012;F00e
01720/image_0063.jpg,true,C00a4,,F007;F002;F013
75363/image_0063.jpg,true,C00e5,,F00f;F009;F012
b2603/image_0063.jpg,true,C005f,,F010;F00d;F00b
f3c8b/image_0054.jpg,true,C00bd,,F006;F012;F013
e7215/image_0008.jpg,true,C008c,,F009;F013;F000
c0f81/image_0008.jpg,true,C00a8,,F012;F005
c4557/image_0008.jpg,true,C0009,,F008;F00c;F00b
5fb44/image_0088.jpg,true,C0125,,F00f;F009;F000
206dd/image_0063.jpg,true,C00e7,,F00f;F006;F011
c00e8/image_0054.jpg,true,C0074,,F006;F004;F00b
1eb4a/image_0054.jpg,true,C0036,,F007;F008;F013
8a6e1/image_0063.jpg,true,C0042,,F009;F004;F00c
1ea4c/image_0008.jpg,true,C0041,,F00f;F003;F004
3ce62/image_0088.jpg,true,C00a8,,F00f;F006;F011
b8948/image_0088.jpg,true,C009a,,F00f;F00c;F001
e35f0/image_0088.jpg,true,C00c9,,F00f;F008;F000
80155/image_0008.jpg,true,C0014,,F007;F011;F00e
2187a/image_0063.jpg,true,C0073,,F002;F012;F004
1cda4/image_0049.jpg,true,C0048,,F007;F004;F00d
a1219/image_0054.jpg,true,C0114,,F010;F013;F000
dab1a/image_0063.jpg,true,C00d5,,F010;F000;F00b
0b36d/image_0063.jpg,true,C005f,,F011;F00c;F000
f7647/image_0054.jpg,true,C0047,,F005;F00c
691c5/image_0008.jpg,true,C0112,,F010;F013;F00b
7a2e6/image_0063.jpg,true,C006d,,F007;F011;F012
49583/image_0088.jpg,true,C0006,,F003;F012;F00d
b39ef/image_0049.jpg,true,C00e1,,F008;F00d;F013
5ae9d/image_0063.jpg,true,C004b,,F004;F010;F005
8a255/image_0063.jpg,true,C0030,,F009;F003;F001
6631d/image_0063.jpg,true,C00ec,,F00e;F000;F001
670a3/image_0088.jpg,true,C0127,,F004;F000
a9d80/image_0008.jpg,true,C00a5,,F007;F012;F000
87b0d/image_0193.jpg,true,C004e,,F009;F003;F001
fbc9a/image_0008.jpg,true,C00a0,,F012;F00d;F001
64a5c/image_0193.jpg,true,C002d,,F006;F002;F010
627b3/image_0063.jpg,true,C0127,,F009;F00a
2ada1/image_0193.jpg,true,C00c0,,F009;F00a;F005
8d671/image_0008.jpg,true,C0126,,F009;F00a;F003
09588/image_0193.jpg,true,C0061,,F002;F004;F005
1ddb9/image_0054.jpg,true,C0087,,F006;F004;F013
4793c/image_0049.jpg,true,C00a7,,F00f;F007;F000
9fe9c/image_0054.jpg,true,C0081,,F002;F001
6f4b6/image_0049.jpg,true,C0035,,F00e;F00d;F001
4caf6/image_0054.jpg,true,C0083,,F005;F00c;F000
1f919/image_0054.jpg,true,C00ef,,F008;F011;F00c
95302/image_0063.jpg,true,C0094,,F011;F005;F013
a9f5f/image_0054.jpg,true,C0059,,F007;F003;F00d
d31ab/image_0063.jpg,true,C00fa,,F00f;F004;F000
db136/image_0063.jpg,true,C0084,,F007;F004;F013
e4809/image_0054.jpg,true,C0090,,F00a;F013
2d522/image_0193.jpg,true,C0041,,F012;F010;F00e
72862/image_0054.jpg,true,C0121,,F011;F00d;F00c
9e9f4/image_0054.jpg,true,C008e,,F009;F002;F003
40f72/image_0008.jpg,true,C000d,,F007;F00a;F003
d2bff/image_0063.jpg,true,C00ca,,F006;F00e;F00b
73a8b/image_0088.jpg,true,C00f0,,F006;F009
e7255/image_0008.jpg,true,C0011,,F011;F00d;F00b
1e4c7/image_0054.jpg,true,C0019,,F00f;F002;F013
2ca8b/image_0054.jpg,true,C0110,,F009;F011;F003
37f72/image_0063.jpg,true,C00db,,F012;F004;F005
66af7/image_0008.jpg,true,C0037,,F008;F002;F010
b76ff/image_0008.jpg,true,C0066,,F007;F008
a503f/image_0063.jpg,true,C00df,,F006;F011;F013
42d06/image_0063.jpg,true,C000d,,F00a;F011;F00d
ac59d/image_0049.jpg,true,C0033,,F010;F005;F001
4795a/image_0063.jpg,true,C004a,,F009;F004;F00d
92423/image_0008.jpg,true,C006b,,F00a;F003;F00b
09b06/image_0049.jpg,true,C00bf,,F007;F00c;F013
2e39f/image_0063.jpg,true,C0095,,F00f;F011;F004
24b77/image_0063.jpg,true,C010e,,F00e;F00d
e8bd7/image_0008.jpg,true,C0022,,F003;F00c;F001
c6156/image_0193.jpg,true,C0084,,F012;F004;F010
3558e/image_0008.jpg,true,C006e,,F00f;F010;F00b
3a223/image_0008.jpg,true,C0043,,F006;F002;F001
d59b0/image_0054.jpg,true,C00a9,,F006;F012;F004
c4b5b/image_0063.jpg,true,C0082,,F007;F00e
10484/image_0054.jpg,true,C0051,,F004;F00e;F001
0ae0d/image_0063.jpg,true,C00dc,,F002;F011;F001
9f516/image_0008.jpg,true,C00ae,,F009;F003;F00e
7eb15/image_0088.jpg,true,C0069,,F007;F004;F00e
334f1/image_0008.jpg,true,C00be,,F009;F011;F005
4cbeb/image_0054.jpg,true,C0047,,F003;F00e;F013
1f877/image_0008.jpg,true,C007f,,F002;F012;F013
8cb69/image_0088.jpg,true,C0092,,F007;F003;F001
e822f/image_0063.jpg,true,C0055,,F00f;F010;F005
21c98/image_0193.jpg,true,C0014,,F008;F00e;F013
e6933/image_0008.jpg,true,C00e0,,F006;F00a;F00d
c0ffb/image_0008.jpg,true,C00f1,,F006;F002;F001
97799/image_0054.jpg,true,C00ce,,F009;F008;F00c
3823b/image_0049.jpg,true,C00ad,,F009;F005;F00e
8a800/image_0054.jpg,true,C006f,,F009;F00a;F012
173f1/image_0008.jpg,true,C003e,,F009;F012;F00b
e2954/image_0008.jpg,true,C0104,,F00f;F011;F010
bf3a3/image_0049.jpg,true,C00a6,,F009;F004;F00c
7943c/image_0054.jpg,true,C003f,,F008;F002;F003
75bc0/image_0008.jpg,true,C0112,,F009;F011;F005
9e1a5/image_0008.jpg,true,C00c9,,F00f;F006;F00e
32ea1/image_0193.jpg,true,C011a,,F006;F010;F00d
ceb35/image_0063.jpg,true,C00cc,,F002;F004;F013
8705a/image_0063.jpg,true,C002d,,F009;F001
0ce3c/image_0088.jpg,true,C00a6,,F008;F013
1caac/image_0008.jpg,true,C00fe,,F002;F00e;F00c
23905/image_0193.jpg,true,C00dc,,F005;F000;F00c
48282/image_0008.jpg,true,C00a6,,F00f;F005;F00c
2e16e/image_0063.jpg,true,C00d5,,F00e;F00d;F00c
d59cd/image_0049.jpg,true,C00b9,,F006;F002;F00d
73189/image_0088.jpg,true,C0067,,F008;F012;F00c
9e4e7/image_0063.jpg,true,C005d,,F002;F003;F00d
78a11/image_0063.jpg,true,C00a8,,F00f;F013
a972f/image_0054.jpg,true,C0094,,F006;F013;F00c
bb74d/image_0008.jpg,true,C0065,,F011;F002;F00b
3608b/image_0054.jpg,true,C00ed,,F00e;F001
0f1cd/image_0088.jpg,true,C0064,,F008;F011;F003
0d7af/image_0193.jpg,true,C0046,,F007;F009;F00e
92f60/image_0088.jpg,true,C00c9,,F002;F00b;F001
645fe/image_0008.jpg,true,C009b,,F006;F002;F00a
9ed3e/image_0063.jpg,true,C00be,,F007;F011;F010
cea31/image_0008.jpg,true,C0007,,F009;F010;F001
3cce8/image_0054.jpg,true,C005e,,F00e;F00c
f923a/image_0063.jpg,true,C0101,,F002;F011;F003
5a180/image_0049.jpg,true,C0023,,F002;F00e;F000
972ee/image_0008.jpg,true,C0070,,F003;F012;F013
746f6/image_0008.jpg,true,C008e,,F00a;F00c;F000
277c2/image_0063.jpg,true,C0065,,F00e;F000
4b463/image_0063.jpg,true,C0122,,F006;F009;F00b
28426/image_0063.jpg,true,C0125,,F010;F013;F001
003c8/image_0193.jpg,true,C00cd,,F007;F00a;F012
d1cf8/image_0193.jpg,true,C0009,,F00e;F000;F00c
47ac8/image_0008.jpg,true,C001a,,F003;F012;F005
9ee8c/image_0063.jpg,true,C00dd,,F003;F005;F010
7e1d4/image_0008.jpg,true,C0126,,F009;F005;F00c
6279a/image_0088.jpg,true,C0121,,F008;F002;F00a
21b94/image_0193.jpg,true,C010e,,F011;F005;F00b
0eae0/image_0008.jpg,true,C0053,,F011;F000
c7e96/image_0193.jpg,true,C00f5,,F00f;F000
078e4/image_0008.jpg,true,C00ed,,F00f;F003;F010
dfb74/image_0063.jpg,true,C0061,,F005;F00e;F00b
ee600/image_0008.jpg,true,C00a9,,F00f;F007;F011
860ce/image_0008.jpg,true,C002c,,F003;F00d;F00b
02851/image_0008.jpg,true,C011d,,F007;F012;F000
a3929/image_0088.jpg,true,C00ee,,F008;F011;F004
46e2d/image_0088.jpg,true,C00cc,,F00a;F00e;F013
e0c30/image_0049.jpg,true,C0016,,F012;F005
3c0cf/image_0008.jpg,true,C004a,,F004;F00d;F000
2d064/image_0008.jpg,true,C001d,,F002;F005;F001
fbe30/image_0063.jpg,true,C0007,,F004;F001
f95bf/image_0054.jpg,true,C00f7,,F004;F005;F000
4a35a/image_0008.jpg,true,C0053,,F011;F003;F001
39cc3/image_0008.jpg,true,C0033,,F008;F005;F000
070ca/image_0063.jpg,true,C008a,,F00e;F013;F001
b9b3d/image_0008.jpg,true,C007c,,F002;F011
b5589/image_0054.jpg,true,C0052,,F00f;F011;F00c
ba8f3/image_0063.jpg,true,C0102,,F007;F004;F00e
09dd1/image_0088.jpg,true,C0066,,F003;F010;F000
870b0/image_0008.jpg,true,C00eb,,F011;F00c;F00b
ce48b/image_0063.jpg,true,C0084,,F008;F000;F013
8eb8e/image_0008.jpg,true,C0085,,F007;F006;F00a
ed6ec/image_0054.jpg,true,C0059,,F00f;F00b
b8cba/image_0063.jpg,true,C010e,,F010;F013;F00c
bea6d/image_0063.jpg,true,C00df,,F006;F005;F00d
d8f58/image_0063.jpg,true,C0070,,F002;F004;F000
c1204/image_0049.jpg,true,C0077,,F011;F004;F00c
75a9a/image_0063.jpg,true,C0041,,F009;F00d
6b305/image_0008.jpg,true,C00c2,,F009;F012;F001
2ed45/image_0049.jpg,true,C0051,,F003;F00e
abf46/image_0088.jpg,true,C0050,,F00e;F013
505b6/image_0063.jpg,true,C0112,,F002;F005;F00c
92673/image_0008.jpg,true,C0110,,F004;F00d
1a443/image_0193.jpg,true,C0085,,F000;F001;F00b
323e2/image_0049.jpg,true,C005c,,F00f;F006;F002
9d502/image_0063.jpg,true,C006d,,F011;F005;F000
7daef/image_0193.jpg,true,C0074,,F009;F004;F005
53fbf/image_0063.jpg,true,C008f,,F008;F002;F010
cfe8d/image_0088.jpg,true,C006d,,F00f;F006;F005
b8ab7/image_0008.jpg,true,C00a0,,F011;F005;F010
5641a/image_0063.jpg,true,C002b,,F006;F002;F012
7ec7f/image_0193.jpg,true,C006b,,F004;F000
f12c1/image_0008.jpg,true,C0115,,F00f;F008;F002
5f379/image_0088.jpg,true,C0050,,F00a;F00d;F000
f058f/image_0008.jpg,true,C00ca,,F008;F00a;F00e
cd247/image_0008.jpg,true,C0092,,F006;F011;F003
d6276/image_0008.jpg,true,C00eb,,F00a;F00d;F001
3b5ef/image_0054.jpg,true,C0117,,F012;F010
9f67b/image_0008.jpg,true,C003c,,F007;F004;F00d
5fdd9/image_0049.jpg,true,C001e,,F009;F008;F010
a58d3/image_0063.jpg,true,C0112,,F006;F009;F00e
5a2d7/image_0054.jpg,true,C00ec,,F012;F000;F00b
cd2c3/image_0063.jpg,true,C000d,,F007;F002;F00b
8cc29/image_0063.jpg,true,C0103,,F007;F012;F013
9ae87/image_0193.jpg,true,C00a0,,F013;F00b
0f204/image_0054.jpg,true,C004c,,F006;F008;F002
25978/image_0054.jpg,true,C00ee,,F012;F00e
395e9/image_0054.jpg,true,C00f4,,F007;F012;F00b
52b45/image_0054.jpg,true,C0018,,F012;F00e;F00c
17915/image_0008.jpg,true,C00b3,,F010;F000;F001
666e3/image_0008.jpg,true,C0121,,F00f;F002;F00e
3f1d0/image_0063.jpg,true,C00c5,,F00f;F013;F00b
9eaee/image_0054.jpg,true,C010d,,F008;F011;F00b
12f44/image_0008.jpg,true,C0095,,F007;F002;F00c
399f8/image_0008.jpg,true,C010b,,F00a;F013;F001
e3cc7/image_0008.jpg,true,C0052,,F003;F004;F001
26984/image_0063.jpg,true,C010c,,F009;F012
3d013/image_0049.jpg,true,C00fb,,F00f;F006;F00d
1cd17/image_0008.jpg,true,C005b,,F00f;F008;F011
b690a/image_0008.jpg,true,C0119,,F004;F010;F001
c047b/image_0193.jpg,true,C0106,,F00f;F008;F012
8a854/image_0054.jpg,true,C00dd,,F00f;F000;F013
0bd8d/image_0008.jpg,true,C004a,,F003;F00b;F001
ef6c1/image_0063.jpg,true,C0079,,F002;F013;F001
bfdb2/image_0008.jpg,true,C00b1,,F008;F00d
8bbdb/image_0063.jpg,true,C009d,,F007;F012;F005
b6fae/image_0049.jpg,true,C004f,,F00f;F007;F003
7ac9a/image_0063.jpg,true,C0023,,F006;F009;F000
b12f9/image_0008.jpg,true,C0037,,F008;F004;F00e
de11f/image_0063.jpg,true,C0061,,F00f;F00d;F00b
10011/image_0054.jpg,true,C001d,,F00f;F009;F011
42cae/image_0008.jpg,true,C0040,,F00c;F00b;F001
94ca9/image_0008.jpg,true,C00c3,,F009;F00a;F004
bca53/image_0063.jpg,true,C00f7,,F003;F00d;F013
a4f4d/image_0054.jpg,true,C00e3,,F008;F00a;F00c
ca9bd/image_0063.jpg,true,C009e,,F012;F00e
c0774/image_0008.jpg,true,C0005,,F011;F003;F005
a4196/image_0063.jpg,true,C00c3,,F002;F00e;F00b
20fc3/image_0008.jpg,true,C00a7,,F009;F00a
865ef/image_0049.jpg,true,C0060,,F006;F011;F010
9de10/image_0063.jpg,true,C010b,,F00f;F00e
f9083/image_0008.jpg,true,C0071,,F003;F004;F00e
88e39/image_0008.jpg,true,C0057,,F00a;F012;F00c
efa4d/image_0008.jpg,true,C00bb,,F00a;F004;F001
26cac/image_0054.jpg,true,C00c0,,F009;F00a;F013
53c99/image_0008.jpg,true,C0014,,F006;F012;F004
0db28/image_0054.jpg,true,C010f,,F012;F004;F013
efc55/image_0054.jpg,true,C0060,,F00f;F008;F000
91988/image_0008.jpg,true,C00cb,,F012;F00e;F00d
82deb/image_0054.jpg,true,C00e8,,F00e;F000
51874/image_0063.jpg,true,C0030,,F008;F002;F00d
40de9/image_0008.jpg,true,C006a,,F00e;F00d;F00b
77fbf/image_0054.jpg,true,C0019,,F006;F012;F010
57926/image_0008.jpg,true,C00d9,,F011;F003;F001
e44a7/image_0063.jpg,true,C0075,,F004;F010;F013
07e22/image_0054.jpg,true,C010a,,F012;F010
f4ec2/image_0063.jpg,true,C0051,,F004;F005;F001
5791b/image_0193.jpg,true,C0057,,F006;F00a
0fe8a/image_0063.jpg,true,C00a1,,F006;F002;F00d
0b6a3/image_0008.jpg,true,C0082,,F006;F00a;F013
e931e/image_0063.jpg,true,C003f,,F011;F003;F001
cf965/image_0193.jpg,true,C0040,,F006;F010
e293a/image_0049.jpg,true,C00b9,,F007;F002;F000
ef2b0/image_0008.jpg,true,C00fb,,F007;F012;F00d
c2a8d/image_0063.jpg,true,C003f,,F000;F013
e19ee/image_0049.jpg,true,C00c0,,F00f;F00e;F00c
92bda/image_0063.jpg,true,C00e2,,F008;F011;F00e
c8ed8/image_0063.jpg,true,C0026,,F008;F00a;F012
a5a9b/image_0008.jpg,true,C0074,,F008;F011;F004
335ed/image_0063.jpg,true,C0047,,F013;F000;F001
0fd8c/image_0054.jpg,true,C0057,,F012;F010;F000
73e76/image_0008.jpg,true,C011d,,F003;F012
bd888/image_0063.jpg,true,C009d,,F007;F011;F00e
2f4c2/image_0063.jpg,true,C0021,,F007;F006;F004
a1255/image_0008.jpg,true,C00dd,,F002;F005;F010
1a9d8/image_0063.jpg,true,C00ab,,F004;F005;F00b
6d547/image_0008.jpg,true,C0005,,F006;F012
7c7ff/image_0008.jpg,true,C011d,,F00a;F000;F00b
1a2cb/image_0063.jpg,true,C00a5,,F006;F010;F005
3a789/image_0008.jpg,true,C009c,,F00f;F001;F00b
96a57/image_0054.jpg,true,C009b,,F00f;F006;F001
8a99f/image_0054.jpg,true,C003b,,F006;F011;F00d
cf28c/image_0063.jpg,true,C002c,,F006;F012;F00c
b0ad6/image_0193.jpg,true,C0116,,F006;F009;F004
6da14/image_0054.jpg,true,C0068,,F008;F005;F00b
04b3b/image_0049.jpg,true,C0017,,F009;F013;F001
1a2f9/image_0008.jpg,true,C009c,,F012;F00d;F001
cb82b/image_0008.jpg,true,C0119,,F007;F011;F005
8fbfc/image_0008.jpg,true,C0040,,F005;F001
4cb6b/image_0054.jpg,true,C007c,,F002;F010;F001
00285/image_0063.jpg,true,C0051,,F00a;F003;F00d
aa316/image_0008.jpg,true,C00fe,,F008;F00e;F00b
45407/image_0063.jpg,true,C00f1,,F003;F00d
6a3bb/image_0049.jpg,true,C0117,,F00f;F002;F004
31baa/image_0063.jpg,true,C00f2,,F003;F010;F00e
f9180/image_0063.jpg,true,C00a2,,F011;F004
