devenmartinez@hotmail.com,PS1Ljv4NPs
chloerodriquez@hotmail.com,8FXk5D8TH
emilygarcia@hotmail.com,aoSWo95ry
madisonjackson@hotmail.com,wPHmpZU1vHX
liammoore@hotmail.com,NkIQ2Kz1F
noahdavis@hotmail.com,wqE0Q0c0
chloejones@hotmail.com,0xbGs3lQy4
barbaramartinez@hotmail.com,tjYjMfOxt8f
marygarcia@hotmail.com,E1yF2Te90j
mialee@hotmail.com,p76jp65xB
emmajohnson@hotmail.com,9x5nUg59Ya
sofiahernandez@hotmail.com,5bDLklTr0C
masonanderson@hotmail.com,vqRSt8D8VDjc
shreyawhite@hotmail.com,fKcU48e18KXb
josephwilson@hotmail.com,ZSmhZfOI8Xx
avarodriquez@hotmail.com,p2ZN73hG8B
miamiller@hotmail.com,lE3DZ7nmHcY
jameslopez@hotmail.com,1Z1YC9eR4Dd
masonjackson@hotmail.com,7sp27myZG
jaydenjones@hotmail.com,e1DzvR5K1
emmasmith@hotmail.com,8x40f8TeJC
oliviadavis@hotmail.com,b63CgZqAhlT
jaydensmith@hotmail.com,IGfMgT67y
deventhomas@hotmail.com,rCOk0G54
liammartin@hotmail.com,Y17VlSW4z3V5
jaydenthomas@hotmail.com,9LekLxFn8T4
chloethomas@hotmail.com,Ww7vtA1j62Qi
ethanrodriquez@hotmail.com,ZC9K59H2mV7y
barbaragarcia@hotmail.com,ci5W2R7Lq7sE
shreyajackson@hotmail.com,UsvKGoe4
emmataylor@hotmail.com,fb5BI7vK2
jameshernandez@hotmail.com,KZp1ihBA5x
ethanwilliams@hotmail.com,O0SX8Oq4z
emilywilson@hotmail.com,sCmJy9Ejt3
oliviathomas@hotmail.com,WO96aNZaa
shreyajones@hotmail.com,ytOwk5H88WN
deventhomas@gmail.com,0H1bTdWJ3o9
emilymiller@hotmail.com,s0QB8Yh0b6ji
ethandavis@hotmail.com,5Lgw5CHh8kb
oliviamoore@hotmail.com,ZrZpZ0T90SSa
davidmiller@hotmail.com,nbL46i90oOvm
avamartinez@hotmail.com,q03xB09E
emmajones@hotmail.com,Za9glPdjWT7r
marywhite@hotmail.com,22yu5UwxYB
mialee@gmail.com,pZi5Ny7I
ethanmoore@hotmail.com,20cT3cmQwp02
avawilliams@hotmail.com,2gcW5il7C
ethandavis@gmail.com,r3to78Z9u
noahrodriquez@hotmail.com,54yb4yEK
josephmoore@hotmail.com,uT1O8ig6J8
davidjackson@hotmail.com,rO42PoY7lz2Z
avajones@hotmail.com,cD55H80MN4Y
anyaanderson@hotmail.com,x7opEdcBqQcE
masonrodriquez@hotmail.com,ncKL7c70
davidgarcia@hotmail.com,58Z62w0jA92v
madisonwhite@hotmail.com,aMcRB25Z1rF
devenjones@hotmail.com,5Cmc5Xy44Q0
johnjohnson@hotmail.com,D36f0jlB9G
josephanderson@hotmail.com,1Ck3k60u1
johnhernandez@hotmail.com,zGuY7sfT3
noahhernandez@hotmail.com,KF9A8oVWp
marymartinez@hotmail.com,b5N6jyN7d
santiagowhite@hotmail.com,YjHT8YGl8l98
sofiajohnson@hotmail.com,hE6CR9IfJQpa
oliviahernandez@hotmail.com,i80C7lbJn
marydavis@hotmail.com,eON0k1lYj7OZ
masonbrown@hotmail.com,Kkc8h8K63SLo
josephsmith@hotmail.com,o6k2QkSQnHl7
davidhernandez@hotmail.com,c67gKoSjV
noahwhite@hotmail.com,07TX17nUNi
emmahernandez@hotmail.com,G4uJA8c32lH2
jacobrodriquez@hotmail.com,ibP8m05I8
miadavis@hotmail.com,qOR5ilUQjbJc
mateogarcia@hotmail.com,56qQ7U2gR89U
davidwilson@hotmail.com,4xgWFfRJ7tD
marylopez@hotmail.com,pl26oz29I4
anyarodriquez@hotmail.com,m4S9nSA3Ow
shreyathomas@hotmail.com,D2xfOT0Wz9
emmadavis@hotmail.com,s2qYR3Dod64
barbarajones@hotmail.com,G5bm39TbAb7T
sofiasmith@hotmail.com,oz8ssRx68sh
jacobrodriquez@gmail.com,44S3M7xg
emilyjones@hotmail.com,O1ks1ia4cSo5
jamestaylor@hotmail.com,VzRu50t7
madisondavis@hotmail.com,FyKT25yaB0
madisonrodriquez@hotmail.com,vIhk13VM8
masonbrown@gmail.com,i5FnvWgfP5j4
jaydentaylor@hotmail.com,8f7w09h1Vq
jaydenlopez@hotmail.com,24oq93Jm3U
emilyjackson@hotmail.com,zgBG59qh2id
madisonmoore@hotmail.com,C80z79FLn8d
johnlopez@hotmail.com,av49Qd03w
jacobmartinez@hotmail.com,81a5S1PdO1
emilysmith@hotmail.com,UW05DHy4mO
shreyagarcia@hotmail.com,LgEw8XRn
mateoanderson@hotmail.com,3t9MHeZT80
masonjohnson@hotmail.com,CJd99uqI
santiagolee@hotmail.com,5s52J3sv4z
marywilson@hotmail.com,5Pb2IClv
sofiataylor@hotmail.com,DQizG29DyR
oliviajackson@hotmail.com,jSJaDWg64Ek
madisonbrown@hotmail.com,SwuXfTR3na
santiagowhite@gmail.com,LceZuS0j
davidmoore@hotmail.com,X39n25wD0sRY
oliviathomas@gmail.com,ad0J6QJvz
jamesjones@hotmail.com,0zlEs95Bd57
jacobmoore@hotmail.com,5vQueSedP
santiagogarcia@hotmail.com,3Ldf87C1UNei
ethanwilliams@gmail.com,0X8h28g4FZ8O
anyamoore@hotmail.com,Mv7YkgTVji4
josephmiller@hotmail.com,6soAje1hY
emmalopez@hotmail.com,9A25OZ52
jacobjohnson@hotmail.com,06V52AGm
mateojackson@hotmail.com,z4Ta59hr
emmawilson@hotmail.com,Fbr56R95l
shreyajones@gmail.com,v6HHw5UOj06
marymartin@hotmail.com,3i1Y1u0Nu
chloelopez@hotmail.com,0i96GG04gbS8
anyaanderson@gmail.com,30q5t28Sk7v
miabrown@hotmail.com,5MF7Vju1
anyamartin@hotmail.com,72iNMy04Ycc
noahanderson@hotmail.com,06PmQzoBc4v
liamsmith@hotmail.com,FJ58bB9xl
shreyarodriquez@hotmail.com,b58ySNiR56
ethanmartin@hotmail.com,THvBQbU4
oliviawilson@hotmail.com,IMbpY0do
masonmartinez@hotmail.com,VWihF15TG
oliviajackson@gmail.com,yo3YeRbr58z2
mateosmith@hotmail.com,vTiqS38vWlS0
daviddavis@hotmail.com,f6UX7mb4i5
davidmartin@hotmail.com,Vz6MhSuCVq
josephwilliams@hotmail.com,Vpr6X8frSfi
masontaylor@hotmail.com,4GS0o37y
emilymartin@hotmail.com,Q31Ld85u6eTp
marylee@hotmail.com,gPdL42Rp4
avajackson@hotmail.com,wWK93C5ytGZm
jaydenjohnson@hotmail.com,T0Fow23E
davidhernandez@gmail.com,ZXnc1Ng4U9
devenlopez@hotmail.com,ck6HArPZ0Mb
emilywhite@hotmail.com,vJk8NK06C6
santiagomartin@hotmail.com,VKi1beK45T
miabrown@gmail.com,qy8k8cUZ7
sofiamartinez@hotmail.com,95jc7T0c7t6
marywilliams@hotmail.com,Ma7c1gqUgL4
josephjones@hotmail.com,um78ATr5
barbarabrown@hotmail.com,04MAcEf4y
noahhernandez@gmail.com,fPV3cG98
jamesmiller@hotmail.com,8b3mqPsYY4I
jacobgarcia@hotmail.com,83fy9k1y76Ij
jaydentaylor@gmail.com,ZT25mTxORbH4
santiagowhite@verizon.net,u63wM8w0zeNT
anyamartinez@hotmail.com,bIAua2ou4
maryrodriquez@hotmail.com,nmE4wjR29c2F
barbaralee@hotmail.com,6x8u15MoV92
masonrodriquez@gmail.com,Ub0rGnY8B
santiagothomas@hotmail.com,K9pB8bIIa7S
noahmoore@hotmail.com,0e0l79X3
shreyalee@hotmail.com,mz4XPz0q7IS
masonsmith@hotmail.com,2F4XVo6vbX60
ethanbrown@hotmail.com,7Oo7seP2F
josephwilliams@gmail.com,H5qpX09I
jameslopez@gmail.com,2j2rPZ1g57
ethanlee@hotmail.com,SqIuZNdP4Y79
noahjohnson@hotmail.com,KF0R64g4ryR
noahrodriquez@gmail.com,zj1beO4YEks
devenmartin@hotmail.com,FI4uB17C
ethansmith@hotmail.com,88k4kLggYxE
masonrodriquez@verizon.net,y1pPV75e
marythomas@hotmail.com,Z65zt2zv1Sqe
noahsmith@hotmail.com,qd3cOb1Ma1
jaydendavis@hotmail.com,H5rlOQ1k0
noahbrown@hotmail.com,7fYbQ4s98mN9
oliviaanderson@hotmail.com,Dr8LntHgt9
masonwhite@hotmail.com,GmNig5A7hh7
miataylor@hotmail.com,do0L8hb6smB
josephhernandez@hotmail.com,d1yYO8F8bBae
masonmartin@hotmail.com,zW85qCyjX35G
devenwhite@hotmail.com,uRq5mv5o11B
madisonwilson@hotmail.com,9S17VX5N87
ethanjohnson@hotmail.com,1PM9S61JF08c
barbaragarcia@gmail.com,30vmTWsh
isabellamiller@hotmail.com,Or95E26Jj
emmahernandez@gmail.com,KL56CA5ep3
anyagarcia@hotmail.com,4Kc7DDyAT9
josephhernandez@gmail.com,N5EZ2i8N
ethanlopez@hotmail.com,6QyIBgR83S1n
emmamiller@hotmail.com,zYAfpH90
liamlopez@hotmail.com,jWs97IaHo9o1
sofiawilson@hotmail.com,Cvh4wu8w
avadavis@hotmail.com,sY0DrJ2pe7b
shreyamartin@hotmail.com,7f75F8E26ju
oliviawilliams@hotmail.com,YdvC0tlW1U
anyahernandez@hotmail.com,hx3g93z70U
jaydenlee@hotmail.com,RsAtdVxj
ethansmith@gmail.com,95m70FsXR4
madisonbrown@gmail.com,tZ1lj08oE09q
emmamartinez@hotmail.com,6tyOK8lRL5m
santiagojones@hotmail.com,LpqMS7R1n
madisonmartinez@hotmail.com,77Ld05J8
masongarcia@hotmail.com,1o6zVX8pg28
liammartinez@hotmail.com,86tMe7y69Q
santiagogarcia@gmail.com,lm30x7b97Fot
ethansmith@verizon.net,SBm1dHT2NZ56
mateojohnson@hotmail.com,oFgLq47cF2
masonwilson@hotmail.com,uSy32ad5
josephlee@hotmail.com,pt3pWN41N5
johnwhite@hotmail.com,VB00G04T57B5
oliviathomas@verizon.net,db1w9un5
chloerodriquez@gmail.com,2RlS51x4q93U
ethanwilliams@verizon.net,A2Qq87x9v6X8
mateothomas@hotmail.com,CGioK5CaP
liammoore@gmail.com,VR49P2Pry27k
madisonwilliams@hotmail.com,J36mF9ri9k
emmarodriquez@hotmail.com,xxQafX45tRa
johnrodriquez@hotmail.com,63aAE92UnGX
ethanbrown@gmail.com,CnWhtG77F52U
chloejohnson@hotmail.com,8Eoy9JVzQf3
santiagomartinez@hotmail.com,luMlP7hG1iq
davidmoore@gmail.com,utMH0th52yE
barbarawhite@hotmail.com,P1mQ5T8sEBd
mateothomas@gmail.com,19KU70LUj4f
oliviataylor@hotmail.com,ELm90KY7f
shreyagarcia@gmail.com,B8tSq49hK
emmalee@hotmail.com,ttE9R04dTQ3
shreyabrown@hotmail.com,zGN2ZD5E0Op
marytaylor@hotmail.com,lkN6U1AY
sofiahernandez@gmail.com,i48mr0jWK0
oliviagarcia@hotmail.com,6W66aFF4u9
madisonthomas@hotmail.com,nvOu74aVyN
avaanderson@hotmail.com,DkE1AI9gt9
jamesmoore@hotmail.com,T28Zi37b
devenmartin@gmail.com,1qh5Avi5T1
ethangarcia@hotmail.com,8J5b67yU
masonmartinez@gmail.com,Gw9j9f2u7
davidmoore@verizon.net,Q0v8gGd3hQ1y
jamesthomas@hotmail.com,Cr51oPJ61
marymartinez@gmail.com,DoKL31u74O
josephthomas@hotmail.com,5y5VmD76e6
davidmartin@gmail.com,ItD7iAlYK8n
madisonmoore@gmail.com,4P05h8ptZhy4
johnwilson@hotmail.com,gLti26GgKs
madisonjohnson@hotmail.com,MjK87FZtm9K
shreyalopez@hotmail.com,4KoB1ySY
shreyasmith@hotmail.com,eWRsMT6Z
emmajackson@hotmail.com,cOSuoC7r
shreyathomas@gmail.com,XrTK75qcFJ6e
sofiawhite@hotmail.com,7giOaC3PBeo
ethanwilliams@comcast.com,47pFD9D9
avamartin@hotmail.com,3QC6Rd28Z
ethanthomas@hotmail.com,jqT36hjC
jamesjohnson@hotmail.com,QN8DE2Bi
ethanjohnson@gmail.com,6G6CJiSu3A5
jamesrodriquez@hotmail.com,E26ie46a3
devenmartin@verizon.net,7h4vXv67
masonanderson@gmail.com,mZ3FoFna7
josephjohnson@hotmail.com,OAmz5K19uF
chloewhite@hotmail.com,7MYl07ge5G
josephlopez@hotmail.com,J2d9kQ50X1w
jamesmartinez@hotmail.com,91RW48TimGT
miamartinez@hotmail.com,HQ1XPlk2
santiagobrown@hotmail.com,UemRlP9W4r
jamessmith@hotmail.com,9Jw3zY37l
jacobsmith@hotmail.com,07yk4M5D5
anyarodriquez@gmail.com,xbXe5w3gB5k
oliviajones@hotmail.com,6b0S8IEb
liamjackson@hotmail.com,48AkkDBd3
emilymiller@gmail.com,MuZsWM4f
josephjones@gmail.com,59v0dl6Ql66j
johnmartin@hotmail.com,naZ3vdWN
barbaraanderson@hotmail.com,9eF2J2gu87I
masonwilliams@hotmail.com,wVl9sa3b12
davidmartinez@hotmail.com,2Gx6r50C
sofiathomas@hotmail.com,Xm3Hkm15pzO2
anyawilson@hotmail.com,5M4IlRlUPr92
madisonmartin@hotmail.com,32LEf48M
devenjohnson@hotmail.com,UJ9zfDuU2V
ethansmith@comcast.com,c0sxX9Q9Guu
madisonanderson@hotmail.com,qK9d36r7M
miarodriquez@hotmail.com,W5WgpG0R4
ethanmartinez@hotmail.com,17pZ55ab2kDH
oliviawhite@hotmail.com,Q5q0J87N
barbaramiller@hotmail.com,1Uy8snF9Ke2Z
noahlopez@hotmail.com,opLkYG8n
mateowhite@hotmail.com,I7Y2WLloQ1B
ethanthomas@gmail.com,eXs2M5OVbj99
sofiataylor@gmail.com,F8a4lcIBm8MQ
jaydenmoore@hotmail.com,WuJyqUF9u1
devenjackson@hotmail.com,B21YlDUq
avaanderson@gmail.com,aoBs50rJLfC
miamartin@hotmail.com,13F0X3d21d7E
devensmith@hotmail.com,1UHwz1e8Bp4
shreyadavis@hotmail.com,dIehVlsF
davidanderson@hotmail.com,Jo2B04Wp9HU
emilyhernandez@hotmail.com,Q4Oj8q46s7
santiagothomas@gmail.com,DU92kO3tD4
johnlee@hotmail.com,YH53DD7V
davidmartinez@gmail.com,e2W3iMPaBr3
noahdavis@gmail.com,YDk2CUv32r97
avasmith@hotmail.com,t4ZEf5g3b
emmajackson@gmail.com,01j2s9ZLo30
emilywhite@gmail.com,dIz93aWw
liammartin@gmail.com,h5HB45j92o
avabrown@hotmail.com,1ax88fJ1Y
mateomartinez@hotmail.com,65tZ7z4mCH
emilymoore@hotmail.com,7GtIH29tn
emilydavis@hotmail.com,MJbR7E6h9V38
masonlee@hotmail.com,1s37qc1A1Gkk
anyataylor@hotmail.com,2Cx0t67N60SJ
ethanhernandez@hotmail.com,lH1o4f12YX1
davidsmith@hotmail.com,OjAjY91E07
marylopez@gmail.com,adB4id1hTFoh
emilydavis@gmail.com,82f2BFgPg5
miajohnson@hotmail.com,D8NEbW34h
devenlee@hotmail.com,zhQI2V1hJmA
mateojackson@gmail.com,ARq5cw9D6
mateomoore@hotmail.com,3GvH3Nri
devenlee@gmail.com,ARw84nx1Vhy4
anyabrown@hotmail.com,hX3GjZ4Wc
johnlopez@gmail.com,0NtaUxB0
masonjackson@gmail.com,f1gbM4jOR
marywhite@gmail.com,7U4t2gG1h
noahwhite@gmail.com,JaOAdA9R
miahernandez@hotmail.com,6Z48EX9hqM
anyajohnson@hotmail.com,wq14Z85fp6G
davidhernandez@verizon.net,FzKh1Z07P23
davidhernandez@comcast.com,7U6zoCbeW0HQ
barbaralee@gmail.com,I6pWPw9pk0n
isabellajones@hotmail.com,jG0YX8gK12oJ
jacobthomas@hotmail.com,MyTyG4F0C
noahmartinez@hotmail.com,10N30Q0U3
marytaylor@gmail.com,70l7l3tY8diM
shreyajohnson@hotmail.com,u1x98BfW
sofiasmith@gmail.com,iVIeb0c0e1
oliviasmith@hotmail.com,2rj5DXa0
davidtaylor@hotmail.com,7jN68a1J
madisonmartin@gmail.com,RJry1ny5Ust7
noahdavis@verizon.net,7V46MZ5y
chloewhite@gmail.com,vc8pWR93LX98
jacobjackson@hotmail.com,QS7F92T7N
santiagowilliams@hotmail.com,7paEF2eMhu4
emmathomas@hotmail.com,0A2qj10V
olivialopez@hotmail.com,09D7K00SX5do
ethanrodriquez@gmail.com,vC03jmG6iB2
chloemoore@hotmail.com,Xm6em14vvI
jaydenhernandez@hotmail.com,9vE47O1vuNn
liamdavis@hotmail.com,XhGil78S8uR
sofiamartinez@gmail.com,djPsq8FS
emilymartinez@hotmail.com,8riFuT7kL
masonjones@hotmail.com,8zUxEvLS
devenmoore@hotmail.com,lb8bX7n1HD
jamesdavis@hotmail.com,O1z7T0FC0xIh
marylopez@verizon.net,7L9MqQ0GoI
emmathomas@gmail.com,4ps77J2l
avamartin@gmail.com,YQ6rqKAxL3
liamwhite@hotmail.com,GF9vZ2w0L
anyajones@hotmail.com,Uka2I68ip
masonlee@gmail.com,t1hC95IT
oliviataylor@gmail.com,2Ve8N3h7GFl0
johngarcia@hotmail.com,m3wIFcg35vsC
jaydenwilliams@hotmail.com,A44fH6vp08O
isabelladavis@hotmail.com,uaIXs4Hk
emilytaylor@hotmail.com,KHxz50fxM19
miamartinez@gmail.com,ieDO8fW4I
madisonjohnson@gmail.com,15BKgVb7A
masonmiller@hotmail.com,VZ8YI16v97
mateobrown@hotmail.com,PBsiNK1z3s
avawhite@hotmail.com,6L0aG1JLn
santiagomiller@hotmail.com,FtpNyi4lDjhQ
chloejackson@hotmail.com,MdgHs1Wk
ethanmartinez@gmail.com,w4E77YW1
jaydenthomas@gmail.com,Cb7M5bROwq
josephwilson@gmail.com,s1Q2nTv6
davidsmith@gmail.com,B0kG6UuCuVU6
noahmartin@hotmail.com,0yvXN2YXi6W
santiagowilliams@gmail.com,ZWqo8J2CrhF
sofialee@hotmail.com,CyMh16i8x
avawhite@gmail.com,KeYKaX8cp
jaydenjackson@hotmail.com,KjMY6Ct88fPu
oliviawilson@gmail.com,hfNSuVh80V
oliviataylor@verizon.net,qtJE82Led7L
madisonbrown@verizon.net,20eLyG0s
barbarajones@gmail.com,qnQ5hmNO15l
santiagomartin@gmail.com,OsK7G16Z
noahtaylor@hotmail.com,GB9pwLcCa
josephanderson@gmail.com,z68R4Nn14jOf
devenlopez@gmail.com,AKr07H2H
emilyjones@gmail.com,UrVcw78hX33
miamartinez@verizon.net,5aHJn7l7T
jacobtaylor@hotmail.com,Bp6i8Aa4gY
madisonjones@hotmail.com,B24oVjL7b5U0
mateothomas@verizon.net,1OOjtO33v6aG
emilymartin@gmail.com,it4tj2MB
emmawhite@hotmail.com,DQq8s81E
devenhernandez@hotmail.com,LMf9cJD9
ethanthomas@verizon.net,mzC16o3D
barbarajohnson@hotmail.com,B47bHxH95
josephbrown@hotmail.com,5Fw9kv8b
marysmith@hotmail.com,vYfyBExe4
josephlee@gmail.com,0Ew07gp6
emilywhite@verizon.net,2S66kOJ8
mateowhite@gmail.com,POujBY1QC6Y
jaydendavis@gmail.com,06cU7RJtKh
emmataylor@gmail.com,Db4A0nL72z8l
santiagolee@gmail.com,uQ0O97y6ZJ6
emmamartin@hotmail.com,jv09inWeQ20U
olivialee@hotmail.com,i5I3EFeh
oliviasmith@gmail.com,r98da15x
avalopez@hotmail.com,wPbIghVN3
devenlopez@verizon.net,UknSidNX1v8
oliviagarcia@gmail.com,I73p26RQbG0M
isabellawhite@hotmail.com,3YS6II35bDG
emilywilson@gmail.com,xe7Bvt9od
jameswhite@hotmail.com,Z8jf65yWIz
anyamoore@gmail.com,Dq3Nfn2oR
josephbrown@gmail.com,km7U3o82p
barbaramoore@hotmail.com,cMo26d8Jz01
davidbrown@hotmail.com,9xE78J2PM6
josephjohnson@gmail.com,p1gi92GpN3H
noahbrown@gmail.com,o5FuvUleD
emmamiller@gmail.com,T74o3uCJjjDE
sofiadavis@hotmail.com,H9AwO0o7
liammiller@hotmail.com,f1iWseDN
jamesjackson@hotmail.com,OO34io4sr8
noahlopez@gmail.com,CL1eWWtqRyK
davidwilson@gmail.com,nr2U2xKU5
avamartin@verizon.net,k6cz0DLt
anyabrown@gmail.com,y9amNZ61oL5j
maryjackson@hotmail.com,WI1j29pf2
anyajones@gmail.com,9nn5BEqp
emmaanderson@hotmail.com,gz1hc7N70c
jaydenmoore@gmail.com,07dSHoEGtf2
anyadavis@hotmail.com,EfhJr8WaVavX
mialee@verizon.net,t4Ok7tsM96h
liamlee@hotmail.com,T0KHj24y7
miagarcia@hotmail.com,L2F9ToM9
liamhernandez@hotmail.com,W96r1Hc0
mateolee@hotmail.com,8Zks4zw6M8Gj
shreyataylor@hotmail.com,cJAbqDNb
ethangarcia@gmail.com,InVJhS1t
sofiawilson@gmail.com,GKv82w6M6TU3
avalopez@gmail.com,KGn8HI3eg
isabellathomas@hotmail.com,9Q15nl8ff4bx
johnwhite@gmail.com,88hhOD85QL
shreyawilliams@hotmail.com,21V7Z0b10
masonwhite@gmail.com,1zGboTU2JA4
masonmartinez@verizon.net,0X0VA4vQ
jameslopez@verizon.net,ioIStBRu
mateojohnson@gmail.com,Pv9m53YmANf
