29b9e,Deven Martinez,C00e6,29b9e/profile.jpg;29b9e/image_0063.jpg,61d91;d59cd;cf965;a9d80
15015,Chloe Rodriquez,C009d,15015/profile.jpg;15015/image_0008.jpg,4795a;2e361;291de;09b06
b0180,Emily Garcia,C00d4,b0180/profile.jpg;b0180/image_0054.jpg,0eae0;4d26a;52b45;f9180
914ca,Madison Jackson,C0096,914ca/profile.jpg;914ca/image_0063.jpg,5fdd9;27b02;0fd8c;9ae87
e0a64,Liam Moore,C00cc,e0a64/profile.jpg;e0a64/image_0008.jpg,e7255;73e76;d86b8;9e9f4
810ff,Noah Davis,C00b9,810ff/profile.jpg;810ff/image_0008.jpg,97799;667c9;8d8c5;92423
7d2f1,Chloe Jones,C0079,7d2f1/profile.jpg;7d2f1/image_0063.jpg,914ca;2e361;7ac9a;20fc3
4cc70,Barbara Martinez,C0100,4cc70/profile.jpg;4cc70/image_0008.jpg,505b6;61d91;a4f4d;7943c
c2d5b,Mary Garcia,C00a1,c2d5b/profile.jpg;c2d5b/image_0008.jpg,7d323;40f72;f0c46;a972f
13854,Mia Lee,C010d,13854/profile.jpg;13854/image_0054.jpg,206dd;27b02;ab36b;e44a7
6dfe3,Emma Johnson,C0062,6dfe3/profile.jpg;6dfe3/image_0193.jpg,ca753;2f4c2;e822f;21c98
eed1d,Sofia Hernandez,C001a,eed1d/profile.jpg;eed1d/image_0063.jpg,40de9;d8b71;e7255;12f44
6de62,Mason Anderson,C0061,6de62/profile.jpg;6de62/image_0054.jpg,3a789;7d323;c2d5b;3823b
6a579,Shreya White,C00fa,6a579/profile.jpg;6a579/image_0063.jpg,4cbeb;0b36d;75bc0;6279a
712e1,Joseph Wilson,C0077,712e1/profile.jpg;712e1/image_0008.jpg,67e7d;e57cc;f7647;cea31
686ad,Ava Rodriquez,C004f,686ad/profile.jpg;686ad/image_0054.jpg,c0774;ab36b;b6fae;b9b3d
377ac,Mia Miller,C00e5,377ac/profile.jpg;377ac/image_0008.jpg,a8cf4;77fbf;d44b5;49583
b6952,James Lopez,C00e1,b6952/profile.jpg;b6952/image_0008.jpg,10484;8cc29;ab36b;26cac
67e7d,Mason Jackson,C00a1,67e7d/profile.jpg;67e7d/image_0008.jpg,78a11;34d06;8d671;01720
57a1e,Jayden Jones,C0005,57a1e/profile.jpg;57a1e/image_0008.jpg,28f4b;5fb44;0f204;adf00
b38c4,Emma Smith,C004f,b38c4/profile.jpg;b38c4/image_0063.jpg,bca53;067dc;e0c30;a4196
3f818,Olivia Davis,C00b7,3f818/profile.jpg;3f818/image_0063.jpg,2149c;66438;76e38;b6952
a8cf4,Jayden Smith,C001c,a8cf4/profile.jpg;a8cf4/image_0063.jpg,5641a;725e9;8a255;335ed
4d26a,Deven Thomas,C0054,4d26a/profile.jpg;4d26a/image_0054.jpg,244b3;d2bff;b8ab7;7a0e2
6468e,Liam Martin,C00f5,6468e/profile.jpg;6468e/image_0049.jpg,efa4d;d65c4;6a3bb;5fb44
7909e,Jayden Thomas,C011e,7909e/profile.jpg;7909e/image_0008.jpg,9ae87;d59b0;870b0;0ff23
52164,Chloe Thomas,C0029,52164/profile.jpg;52164/image_0063.jpg,ceb35;b6fae;2d064;277c2
f2359,Ethan Rodriquez,C0024,f2359/profile.jpg;f2359/image_0049.jpg,eaf9a;04cf6;6d5bc;3823b
d2762,Barbara Garcia,C002d,d2762/profile.jpg;d2762/image_0054.jpg,1caac;0ce3c;32ea1;6279a
e2b51,Shreya Jackson,C00d6,e2b51/profile.jpg;e2b51/image_0088.jpg,55276;9ee8c;1ff5f;e35f0
40adb,Emma Taylor,C006c,40adb/profile.jpg;40adb/image_0063.jpg,2ca8b;4caf6;6631d;0bd8d
7b1b8,James Hernandez,C00ec,7b1b8/profile.jpg;7b1b8/image_0063.jpg,666e3;6b305;6919e;b9497
e57cc,Ethan Williams,C0072,e57cc/profile.jpg;e57cc/image_0063.jpg,0fd8c;87b0d;9e9f4;9fe9c
2e361,Emily Wilson,C00d4,2e361/profile.jpg;2e361/image_0088.jpg,bfdb2;0db28;4d481;20fc3
39509,Olivia Thomas,C00ec,39509/profile.jpg;39509/image_0054.jpg,dfb74;1e4c7;433e1;5ae9d
3a862,Shreya Jones,C00eb,3a862/profile.jpg;3a862/image_0088.jpg,ceb35;53c99;1caac;4cc70
ca17a,Deven Thomas,C0075,ca17a/profile.jpg;ca17a/image_0008.jpg,e57cc;13854;b8ab7;4d43d
d86b8,Emily Miller,C007e,d86b8/profile.jpg;d86b8/image_0049.jpg,096f9;09481;4cb6b;3a223
c2b11,Ethan Davis,C0057,c2b11/profile.jpg;c2b11/image_0063.jpg,00285;b9b3d;e7255;62235
62235,Olivia Moore,C00d2,62235/profile.jpg;62235/image_0063.jpg,6f4b6;c1204;13854;114cb
9769f,David Miller,C0009,9769f/profile.jpg;9769f/image_0063.jpg,1caac;7a0e2;3a223;bf3a3
4a18b,Ava Martinez,C00bc,4a18b/profile.jpg;4a18b/image_0054.jpg,b331f;2187a;627b3;2ca8b
ac6e5,Emma Jones,C0110,ac6e5/profile.jpg;ac6e5/image_0049.jpg,5fb44;a1219;c7e96;0fe8a
ab36b,Mary White,C00cd,ab36b/profile.jpg;ab36b/image_0008.jpg,00285;4a841;73189;b9e4a
186b1,Mia Lee,C003f,186b1/profile.jpg;186b1/image_0049.jpg,fbc9a;78a11;e2b51;23905
bb532,Ethan Moore,C005c,bb532/profile.jpg;bb532/image_0063.jpg,77fbf;3cce8;61d91;7909e
c29f7,Ava Williams,C0041,c29f7/profile.jpg;c29f7/image_0049.jpg,cf28c;13cb1;ca753;75bc0
244b3,Ethan Davis,C0009,244b3/profile.jpg;244b3/image_0063.jpg,545cd;5f379;e0a64;e293a
9d28d,Noah Rodriquez,C0046,9d28d/profile.jpg;9d28d/image_0063.jpg,9ae87;9e1a5;bdcc1;61d91
0786e,Joseph Moore,C0027,0786e/profile.jpg;0786e/image_0008.jpg,691c5;3608b;c7822;cf28c
0adc0,David Jackson,C0122,0adc0/profile.jpg;0adc0/image_0063.jpg,21c98;9de10;e0a64;cea31
2d1b8,Ava Jones,C0075,2d1b8/profile.jpg;2d1b8/image_0193.jpg,08e41;82deb;4793c;9de10
120f0,Anya Anderson,C00d3,120f0/profile.jpg;120f0/image_0193.jpg,21c98;9f516;3558e;f7647
f8277,Mason Rodriquez,C0074,f8277/profile.jpg;f8277/image_0063.jpg,666e3;97799;f7647;73a8b
667c9,David Garcia,C005c,667c9/profile.jpg;667c9/image_0054.jpg,10484;d60f8;af8a2;db136
ca753,Madison White,C008e,ca753/profile.jpg;ca753/image_0063.jpg,9ed3e;f3537;810ff;28426
e7973,Deven Jones,C00a8,e7973/profile.jpg;e7973/image_0063.jpg,31baa;4a35a;3558e;5a180
e2c5e,John Johnson,C0022,e2c5e/profile.jpg;e2c5e/image_0008.jpg,667c9;8705a;3a223;c2b11
66438,Joseph Anderson,C0100,66438/profile.jpg;66438/image_0054.jpg,78a11;d60f8;1e4c7;10011
55276,John Hernandez,C00f2,55276/profile.jpg;55276/image_0008.jpg,d2bff;e7255;25978;94ca9
f0c46,Noah Hernandez,C0028,f0c46/profile.jpg;f0c46/image_0008.jpg,bea6d;1a443;c4557;067dc
d65c4,Mary Martinez,C0099,d65c4/profile.jpg;d65c4/image_0063.jpg,c0ffb;2d522;09e3f;ac6e5
85569,Santiago White,C00d0,85569/profile.jpg;85569/image_0063.jpg,545cd;80528;61d91;24b77
f3537,Sofia Johnson,C003d,f3537/profile.jpg;f3537/image_0008.jpg,51874;b9497;120f0;5fb44
f9a01,Olivia Hernandez,C003a,f9a01/profile.jpg;f9a01/image_0008.jpg,73189;87b0d;58639;29b9e
05c44,Mary Davis,C0104,05c44/profile.jpg;05c44/image_0008.jpg,26984;d8f58;34d06;545cd
12d5a,Mason Brown,C0041,12d5a/profile.jpg;12d5a/image_0193.jpg,291de;8bbdb;02798;b5589
fc4c7,Joseph Smith,C0081,fc4c7/profile.jpg;fc4c7/image_0054.jpg,712e1;5a180;7d323;8d724
32462,David Hernandez,C00b5,32462/profile.jpg;32462/image_0049.jpg,f95bf;8fbfc;686ad;6919e
af8a2,Noah White,C0056,af8a2/profile.jpg;af8a2/image_0088.jpg,58639;1ea4c;1be1a;e7255
3f22c,Emma Hernandez,C00f9,3f22c/profile.jpg;3f22c/image_0054.jpg,2187a;d44b5;31baa;73189
725e9,Jacob Rodriquez,C007b,725e9/profile.jpg;725e9/image_0063.jpg,0ff23;399f8;f804c;6b305
7a0e2,Mia Davis,C00db,7a0e2/profile.jpg;7a0e2/image_0193.jpg,6a579;9ed3e;b9b3d;8a110
5e67e,Mateo Garcia,C0058,5e67e/profile.jpg;5e67e/image_0008.jpg,335ed;dfb74;2f4c2;6da14
bdcc1,David Wilson,C008b,bdcc1/profile.jpg;bdcc1/image_0063.jpg,24def;09588;bb532;88e39
26933,Mary Lopez,C008a,26933/profile.jpg;26933/image_0063.jpg,f4ec2;bf3a3;66af7;bca53
28f4b,Anya Rodriquez,C00ec,28f4b/profile.jpg;28f4b/image_0008.jpg,45407;4a61b;863aa;096f9
e6469,Shreya Thomas,C0093,e6469/profile.jpg;e6469/image_0008.jpg,57926;5c0e9;c8ed8;07e22
c43e9,Emma Davis,C0099,c43e9/profile.jpg;c43e9/image_0008.jpg,c4b5b;0ce3c;2149c;42d06
09e3f,Barbara Jones,C00d6,09e3f/profile.jpg;09e3f/image_0008.jpg,476d3;39cc3;abf46;3f1d0
d60f8,Sofia Smith,C00ca,d60f8/profile.jpg;d60f8/image_0008.jpg,d86b8;ca753;6da14;91988
4d43d,Jacob Rodriquez,C00ed,4d43d/profile.jpg;4d43d/image_0088.jpg,51874;f3c8b;712e1;c6156
ffa2a,Emily Jones,C007b,ffa2a/profile.jpg;ffa2a/image_0049.jpg,8a800;1ddb9;0f204;186b1
27b02,James Taylor,C001a,27b02/profile.jpg;27b02/image_0049.jpg,35d36;12d5a;8d8c5;7a2e6
4c82c,Madison Davis,C00da,4c82c/profile.jpg;4c82c/image_0063.jpg,5c0e9;d65c4;863aa;e6933
476d3,Madison Rodriquez,C005b,476d3/profile.jpg;476d3/image_0049.jpg,95302;73a8b;09481;31baa
76e38,Mason Brown,C0012,76e38/profile.jpg;76e38/image_0008.jpg,c8ed8;e3cc7;07e22;24b77
25d88,Jayden Taylor,C0050,25d88/profile.jpg;25d88/image_0063.jpg,ef07c;4d481;04b3b;04b3b
a10e8,Jayden Lopez,C00e4,a10e8/profile.jpg;a10e8/image_0088.jpg,d1cf8;334f1;eed1d;f95bf
4d481,Emily Jackson,C0032,4d481/profile.jpg;4d481/image_0063.jpg,6b305;3cce8;4d26a;55276
f6e03,Madison Moore,C00ce,f6e03/profile.jpg;f6e03/image_0008.jpg,62235;323e2;8cc29;2ca8b
f0d60,John Lopez,C0101,f0d60/profile.jpg;f0d60/image_0063.jpg,0fe8a;c2d5b;f95bf;1caac
25b7a,Jacob Martinez,C0114,25b7a/profile.jpg;25b7a/image_0088.jpg,2f4c2;9e4e7;12f44;6a579
047dd,Emily Smith,C003d,047dd/profile.jpg;047dd/image_0008.jpg,46e2d;6b305;14a0a;7b1b8
d1b70,Shreya Garcia,C00d7,d1b70/profile.jpg;d1b70/image_0063.jpg,4cf78;c929a;46e2d;b2603
4d335,Mateo Anderson,C0072,4d335/profile.jpg;4d335/image_0088.jpg,399f8;e2b51;b9e4a;26984
545cd,Mason Johnson,C0004,545cd/profile.jpg;545cd/image_0193.jpg,6da14;1f919;92f60;a5a9b
ae7ed,Santiago Lee,C003e,ae7ed/profile.jpg;ae7ed/image_0008.jpg,c0774;52b45;5f379;1caac
1be1a,Mary Wilson,C00a0,1be1a/profile.jpg;1be1a/image_0049.jpg,a58d3;870b0;29b9e;173f1
f804c,Sofia Taylor,C00f6,f804c/profile.jpg;f804c/image_0088.jpg,ef2b0;6e398;17915;7eb15
58639,Olivia Jackson,C0040,58639/profile.jpg;58639/image_0008.jpg,8bbdb;2e361;0d7af;13854
13cb1,Madison Brown,C00a8,13cb1/profile.jpg;13cb1/image_0088.jpg,1be1a;c2d5b;37f72;42cae
6eb38,Santiago White,C00d5,6eb38/profile.jpg;6eb38/image_0008.jpg,6e398;5c0e9;667c9;31baa
357da,David Moore,C0016,357da/profile.jpg;357da/image_0063.jpg,c43e9;e6b7d;c0774;6631d
34d06,Olivia Thomas,C00a7,34d06/profile.jpg;34d06/image_0063.jpg,dde37;e822f;8a110;05c44
b9497,James Jones,C0107,b9497/profile.jpg;b9497/image_0008.jpg,7c7ff;32462;efa4d;3558e
a7e3f,Jacob Moore,C0113,a7e3f/profile.jpg;a7e3f/image_0054.jpg,57a1e;645fe;78a11;0b36d
09f5e,Santiago Garcia,C00ef,09f5e/profile.jpg;09f5e/image_0049.jpg,a7e3f;2e361;972ee;b8948
b331f,Ethan Williams,C00ed,b331f/profile.jpg;b331f/image_0054.jpg,e44a7;39cc3;48282;f12c1
b7f8c,Anya Moore,C008a,b7f8c/profile.jpg;b7f8c/image_0008.jpg,bfdb2;0bd8d;8a6e1;712e1
0ff23,Joseph Miller,C002f,0ff23/profile.jpg;0ff23/image_0008.jpg,7daef;9ed3e;c4b5b;f9083
35d36,Emma Lopez,C00e3,35d36/profile.jpg;35d36/image_0008.jpg,4a61b;8a800;1cd17;2e361
d8b71,Jacob Johnson,C00a9,d8b71/profile.jpg;d8b71/image_0063.jpg,7a2e6;2187a;1f919;b12f9
08e41,Mateo Jackson,C0033,08e41/profile.jpg;08e41/image_0088.jpg,e2954;4c82c;1ddb9;a9d80
4d320,Emma Wilson,C00fb,4d320/profile.jpg;4d320/image_0049.jpg,a8cf4;32462;e7215;c2a8d
ceae4,Shreya Jones,C010f,ceae4/profile.jpg;ceae4/image_0063.jpg,91988;bfdb2;3cce8;77fbf
eaf9a,Mary Martin,C0082,eaf9a/profile.jpg;eaf9a/image_0054.jpg,94ca9;27b02;505b6;c0f81
8d8c5,Chloe Lopez,C007f,8d8c5/profile.jpg;8d8c5/image_0063.jpg,9f67b;efa4d;7909e;09f5e
0ebd5,Anya Anderson,C00c5,0ebd5/profile.jpg;0ebd5/image_0193.jpg,c047b;8bbdb;77c3e;af8a2
6919e,Mia Brown,C0085,6919e/profile.jpg;6919e/image_0088.jpg,335ed;9d502;72862;21c98
863aa,Anya Martin,C00ce,863aa/profile.jpg;863aa/image_0008.jpg,c29f7;2f4c2;7eb15;2ada1
1ff5f,Noah Anderson,C00fe,1ff5f/profile.jpg;1ff5f/image_0054.jpg,1f919;dfb74;b8cba;25d88
4cf78,Liam Smith,C00f1,4cf78/profile.jpg;4cf78/image_0008.jpg,9ed3e;7daef;52164;c43e9
adf00,Shreya Rodriquez,C00ec,adf00/profile.jpg;adf00/image_0054.jpg,645fe;4cbeb;003c8;4a18b
0fa74,Ethan Martin,C00d3,0fa74/profile.jpg;0fa74/image_0088.jpg,48282;f923a;73e76;ee600
c929a,Olivia Wilson,C000f,c929a/profile.jpg;c929a/image_0008.jpg,3f1d0;92673;b0ad6;667c9
291de,Mason Martinez,C0100,291de/profile.jpg;291de/image_0049.jpg,85569;0f1cd;d59b0;4795a
e6b7d,Olivia Jackson,C003b,e6b7d/profile.jpg;e6b7d/image_0088.jpg,c047b;863aa;b8ab7;f0c46
8a110,Mateo Smith,C00bf,8a110/profile.jpg;8a110/image_0088.jpg,8a99f;cb82b;a1219;8a6e1
5c0e9,David Davis,C0088,5c0e9/profile.jpg;5c0e9/image_0008.jpg,ceb35;fc4c7;244b3;d8b71
04cf6,David Martin,C010b,04cf6/profile.jpg;04cf6/image_0063.jpg,0bd8d;5641a;12f44;32462
ef07c,Joseph Williams,C00fb,ef07c/profile.jpg;ef07c/image_0008.jpg,12f44;58639;078e4;399f8
8d724,Mason Taylor,C00f1,8d724/profile.jpg;8d724/image_0063.jpg,2f4c2;ee600;1f919;7d2f1
24def,Emily Martin,C0049,24def/profile.jpg;24def/image_0054.jpg,0b6a3;0f1cd;7c7ff;4cc70
60986,Mary Lee,C0122,60986/profile.jpg;60986/image_0008.jpg,6631d;ed6ec;40f72;ce48b
0183d,Ava Jackson,C00d0,0183d/profile.jpg;0183d/image_0063.jpg,ab36b;40f72;2ada1;fbc9a
114cb,Jayden Johnson,C0031,114cb/profile.jpg;114cb/image_0008.jpg,64a5c;d1cf8;adf00;f923a
6d5bc,David Hernandez,C00ef,6d5bc/profile.jpg;6d5bc/image_0008.jpg,25978;8cb69;66af7;4cf78
ccf02,Deven Lopez,C002a,ccf02/profile.jpg;ccf02/image_0049.jpg,d8b71;3a789;078e4;21c98
4a841,Emily White,C00bc,4a841/profile.jpg;4a841/image_0008.jpg,c4b5b;49583;d6276;ed6ec
80528,Santiago Martin,C0082,80528/profile.jpg;80528/image_0063.jpg,b8948;40de9;76e38;7ec7f
28e68,Mia Brown,C0094,28e68/profile.jpg;28e68/image_0008.jpg,02851;4cb6b;92bda;47ac8
14a0a,Sofia Martinez,C005a,14a0a/profile.jpg;14a0a/image_0054.jpg,75a9a;34d06;3d013;8eb8e
2149c,Mary Williams,C0025,2149c/profile.jpg;2149c/image_0008.jpg,46e2d;6eb38;15015;6d547
247de,Joseph Jones,C0009,247de/profile.jpg;247de/image_0054.jpg,7c7ff;096f9;9d28d;2149c
3f377,Barbara Brown,C0107,3f377/profile.jpg;3f377/image_0063.jpg,92bda;ea6d6;d60f8;0ae0d
09481,Noah Hernandez,C0057,09481/profile.jpg;09481/image_0049.jpg,09588;66438;09588;f9083
b9e4a,James Miller,C0062,b9e4a/profile.jpg;b9e4a/image_0049.jpg,7eb15;74b13;e7973;1be1a
77c3e,Jacob Garcia,C00e0,77c3e/profile.jpg;77c3e/image_0054.jpg,a9f5f;2187a;7d323;ef2b0
067dc,Jayden Taylor,C00b0,067dc/profile.jpg;067dc/image_0063.jpg,8705a;070ca;9eaee;75bc0
61d91,Santiago White,C00eb,61d91/profile.jpg;61d91/image_0063.jpg,f0c46;b0ad6;92673;05c44
7d323,Anya Martinez,C0032,7d323/profile.jpg;7d323/image_0008.jpg,96a57;45407;92673;ef2b0
096f9,Mary Rodriquez,C0117,096f9/profile.jpg;096f9/image_0008.jpg,5641a;09f5e;29b9e;3ce62
b7c89,Barbara Lee,C0098,b7c89/profile.jpg;b7c89/image_0088.jpg,d31ab;8a854;d2bff;c29f7
c7822,Mason Rodriquez,C010b,c7822/profile.jpg;c7822/image_0008.jpg,05c44;686ad;476d3;7a0e2
dde37,Santiago Thomas,C00be,dde37/profile.jpg;dde37/image_0063.jpg,d60f8;a8cf4;433e1;c2a8d
10b95,Noah Moore,C00d4,10b95/profile.jpg;10b95/image_0088.jpg,870b0;ceae4;0ae0d;4d335
4d431,Shreya Lee,C0079,4d431/profile.jpg;4d431/image_0008.jpg,e0c30;9de10;09f5e;4a61b
86770,Mason Smith,C0089,86770/profile.jpg;86770/image_0054.jpg,76e38;cb82b;5791b;0d7af
6e398,Ethan Brown,C00e1,6e398/profile.jpg;6e398/image_0008.jpg,f9083;047dd;8d671;d86b8
d44b5,Joseph Williams,C00b3,d44b5/profile.jpg;d44b5/image_0063.jpg,82deb;ceb35;9f67b;0ae0d
4a61b,James Lopez,C0052,4a61b/profile.jpg;4a61b/image_0008.jpg,206dd;686ad;3558e;09e3f
433e1,Ethan Lee,C006f,433e1/profile.jpg;433e1/image_0054.jpg,67e7d;40adb;6631d;37f72
f6069,Noah Johnson,C002a,f6069/profile.jpg;f6069/image_0063.jpg,a4f4d;1cd17;2ca8b;66af7
02798,Noah Rodriquez,C010d,02798/profile.jpg;02798/image_0049.jpg,096f9;4a18b;d8f58;8a255
74b13,Deven Martin,C003a,74b13/profile.jpg;74b13/image_0063.jpg,4795a;627b3;bb74d;3f1d0
ea6d6,Ethan Smith,C011a,ea6d6/profile.jpg;ea6d6/image_0054.jpg,40f72;86770;067dc;0fe8a
75363,Mason Rodriquez,C0026,75363/profile.jpg;75363/image_0063.jpg,0bd8d;0fa74;3b5ef;f9083
01720,Mary Thomas,C006e,01720/profile.jpg;01720/image_0063.jpg,20fc3;6d5bc;a972f;c4557
b2603,Noah Smith,C0037,b2603/profile.jpg;b2603/image_0063.jpg,7b1b8;4c82c;26933;8d724
f3c8b,Jayden Davis,C0061,f3c8b/profile.jpg;f3c8b/image_0054.jpg,24b77;476d3;067dc;5ae9d
e7215,Noah Brown,C007e,e7215/profile.jpg;e7215/image_0008.jpg,f804c;f4ec2;9ed3e;c2d5b
c0f81,Olivia Anderson,C0044,c0f81/profile.jpg;c0f81/image_0008.jpg,3ce62;4a35a;b331f;1caac
c4557,Mason White,C0110,c4557/profile.jpg;c4557/image_0008.jpg,f2359;5fdd9;a3929;c047b
206dd,Mia Taylor,C00cb,206dd/profile.jpg;206dd/image_0063.jpg,7943c;c4557;0b6a3;4cbeb
5fb44,Joseph Hernandez,C00c6,5fb44/profile.jpg;5fb44/image_0088.jpg,25978;691c5;34d06;12f44
c00e8,Mason Martin,C00db,c00e8/profile.jpg;c00e8/image_0054.jpg,adf00;3823b;bea6d;24def
1eb4a,Deven White,C002c,1eb4a/profile.jpg;1eb4a/image_0054.jpg,6a579;096f9;a972f;8d671
8a6e1,Madison Wilson,C0073,8a6e1/profile.jpg;8a6e1/image_0063.jpg,e7215;8a800;186b1;ed6ec
1ea4c,Ethan Johnson,C00a9,1ea4c/profile.jpg;1ea4c/image_0008.jpg,8a99f;49583;13cb1;0bd8d
3ce62,Barbara Garcia,C002a,3ce62/profile.jpg;3ce62/image_0088.jpg,ceae4;f2359;8705a;ffa2a
b8948,Isabella Miller,C00f0,b8948/profile.jpg;b8948/image_0088.jpg,1ddb9;186b1;6b305;efa4d
e35f0,Emma Hernandez,C008c,e35f0/profile.jpg;e35f0/image_0088.jpg,9d28d;5791b;b6952;c047b
2187a,Anya Garcia,C009c,2187a/profile.jpg;2187a/image_0063.jpg,860ce;e931e;8d8c5;b331f
80155,Joseph Hernandez,C009f,80155/profile.jpg;80155/image_0008.jpg,070ca;f0d60;c7822;ca753
1cda4,Ethan Lopez,C0125,1cda4/profile.jpg;1cda4/image_0049.jpg,6468e;61d91;28426;0ff23
a1219,Emma Miller,C0069,a1219/profile.jpg;a1219/image_0054.jpg,1be1a;7e1d4;24def;ba8f3
dab1a,Liam Lopez,C00d5,dab1a/profile.jpg;dab1a/image_0063.jpg,335ed;d44b5;05c44;047dd
f7647,Sofia Wilson,C005e,f7647/profile.jpg;f7647/image_0054.jpg,6d5bc;d60f8;b9b3d;ac6e5
0b36d,Ava Davis,C002c,0b36d/profile.jpg;0b36d/image_0063.jpg,27b02;ef6c1;d1b70;ab36b
691c5,Shreya Martin,C0059,691c5/profile.jpg;691c5/image_0008.jpg,c4557;120f0;0ae0d;b76ff
7a2e6,Olivia Williams,C00fd,7a2e6/profile.jpg;7a2e6/image_0063.jpg,f9180;1ddb9;64a5c;5e67e
49583,Anya Hernandez,C0037,49583/profile.jpg;49583/image_0088.jpg,0183d;04b3b;7e1d4;914ca
b39ef,Jayden Lee,C0043,b39ef/profile.jpg;b39ef/image_0049.jpg,cd2c3;efa4d;73189;5a180
5ae9d,Ethan Smith,C0092,5ae9d/profile.jpg;5ae9d/image_0063.jpg,13854;14a0a;09dd1;04b3b
8a255,Madison Brown,C0061,8a255/profile.jpg;8a255/image_0063.jpg,395e9;d2bff;0bd8d;dfb74
6631d,Emma Martinez,C0033,6631d/profile.jpg;6631d/image_0063.jpg,0d7af;04b3b;e931e;c047b
670a3,Santiago Jones,C006d,670a3/profile.jpg;670a3/image_0088.jpg,dab1a;28f4b;86770;d1b70
a9d80,Madison Martinez,C00d9,a9d80/profile.jpg;a9d80/image_0008.jpg,476d3;e293a;fbe30;21c98
87b0d,Mason Garcia,C0044,87b0d/profile.jpg;87b0d/image_0193.jpg,f9a01;bf3a3;2f4c2;a4f4d
fbc9a,Liam Martinez,C00e2,fbc9a/profile.jpg;fbc9a/image_0008.jpg,64a5c;cd247;b7c89;a4196
64a5c,Santiago Garcia,C00bd,64a5c/profile.jpg;64a5c/image_0193.jpg,5a180;7b1b8;f6069;7e1d4
627b3,Ethan Smith,C0029,627b3/profile.jpg;627b3/image_0063.jpg,4d26a;399f8;cf965;ae7ed
2ada1,Mateo Johnson,C0107,2ada1/profile.jpg;2ada1/image_0193.jpg,f058f;d1b70;8a6e1;1be1a
8d671,Mason Wilson,C009a,8d671/profile.jpg;8d671/image_0008.jpg,8705a;ef6c1;42d06;26984
09588,Joseph Lee,C0124,09588/profile.jpg;09588/image_0193.jpg,377ac;a972f;09f5e;ae7ed
1ddb9,John White,C0068,1ddb9/profile.jpg;1ddb9/image_0054.jpg,1eb4a;09f5e;a1219;0db28
4793c,Olivia Thomas,C009f,4793c/profile.jpg;4793c/image_0049.jpg,e6933;0fe8a;2ada1;35d36
9fe9c,Chloe Rodriquez,C001d,9fe9c/profile.jpg;9fe9c/image_0054.jpg,9de10;bf3a3;91988;4d320
6f4b6,Ethan Williams,C00f6,6f4b6/profile.jpg;6f4b6/image_0049.jpg,a4196;6dfe3;a5a9b;39509
4caf6,Mateo Thomas,C00e5,4caf6/profile.jpg;4caf6/image_0054.jpg,25b7a;4d431;7909e;a972f
1f919,Liam Moore,C0014,1f919/profile.jpg;1f919/image_0054.jpg,bf3a3;0d7af;ae7ed;3a789
95302,Madison Williams,C00b9,95302/profile.jpg;95302/image_0063.jpg,8d8c5;247de;f6069;3a223
a9f5f,Emma Rodriquez,C00b4,a9f5f/profile.jpg;a9f5f/image_0054.jpg,e44a7;10011;05c44;f0c46
d31ab,John Rodriquez,C00f7,d31ab/profile.jpg;d31ab/image_0063.jpg,9f516;31baa;645fe;0f204
db136,Ethan Brown,C002c,db136/profile.jpg;db136/image_0063.jpg,f9180;3f818;42d06;f4ec2
e4809,Chloe Johnson,C00d2,e4809/profile.jpg;e4809/image_0054.jpg,7ec7f;4d320;28426;b8cba
2d522,Santiago Martinez,C0052,2d522/profile.jpg;2d522/image_0193.jpg,87b0d;9769f;c6156;9e1a5
72862,David Moore,C00e4,72862/profile.jpg;72862/image_0054.jpg,28f4b;c047b;334f1;51874
9e9f4,Barbara White,C001a,9e9f4/profile.jpg;9e9f4/image_0054.jpg,c7822;09588;8a255;d1b70
40f72,Mateo Thomas,C00cc,40f72/profile.jpg;40f72/image_0008.jpg,e0c30;f3c8b;334f1;b0ad6
d2bff,Olivia Taylor,C005a,d2bff/profile.jpg;d2bff/image_0063.jpg,72862;6b305;476d3;f12c1
73a8b,Shreya Garcia,C0023,73a8b/profile.jpg;73a8b/image_0088.jpg,9eaee;746f6;0f1cd;2d064
e7255,Emma Lee,C0051,e7255/profile.jpg;e7255/image_0008.jpg,5791b;ef2b0;d2bff;e2954
1e4c7,Shreya Brown,C006f,1e4c7/profile.jpg;1e4c7/image_0054.jpg,40adb;f12c1;b2603;bd888
2ca8b,Mary Taylor,C00e1,2ca8b/profile.jpg;2ca8b/image_0054.jpg,0bd8d;6eb38;2e361;73189
37f72,Sofia Hernandez,C0094,37f72/profile.jpg;37f72/image_0063.jpg,abf46;b8cba;2149c;810ff
66af7,Olivia Garcia,C0108,66af7/profile.jpg;66af7/image_0008.jpg,4a35a;8a6e1;40adb;2ca8b
b76ff,Madison Thomas,C008e,b76ff/profile.jpg;b76ff/image_0008.jpg,25978;a3929;860ce;52b45
a503f,Ava Anderson,C00a8,a503f/profile.jpg;a503f/image_0063.jpg,2ca8b;0b36d;4d431;efa4d
42d06,James Moore,C00de,42d06/profile.jpg;42d06/image_0063.jpg,d59cd;1f919;b2603;3a789
ac59d,Deven Martin,C001b,ac59d/profile.jpg;ac59d/image_0049.jpg,114cb;4b463;dfb74;8bbdb
4795a,Ethan Garcia,C0024,4795a/profile.jpg;4795a/image_0063.jpg,8d8c5;7ec7f;e57cc;77c3e
92423,Mason Martinez,C004c,92423/profile.jpg;92423/image_0008.jpg,e2c5e;bdcc1;9769f;7daef
09b06,David Moore,C0090,09b06/profile.jpg;09b06/image_0049.jpg,067dc;14a0a;24b77;8a99f
2e39f,James Thomas,C00a9,2e39f/profile.jpg;2e39f/image_0063.jpg,f8277;92bda;9ee8c;f4ec2
24b77,Mary Martinez,C00bf,24b77/profile.jpg;24b77/image_0063.jpg,7909e;7943c;2d522;21b94
e8bd7,Joseph Thomas,C00d9,e8bd7/profile.jpg;e8bd7/image_0008.jpg,cf965;d31ab;9769f;1ff5f
c6156,David Martin,C00b9,c6156/profile.jpg;c6156/image_0193.jpg,c0f81;cd2c3;4b463;863aa
3558e,Madison Moore,C000d,3558e/profile.jpg;3558e/image_0008.jpg,f9a01;4a18b;32ea1;6de62
3a223,John Wilson,C00ee,3a223/profile.jpg;3a223/image_0008.jpg,4cc70;46e2d;07e22;10011
d59b0,Madison Johnson,C00d7,d59b0/profile.jpg;d59b0/image_0054.jpg,120f0;10b95;40f72;28f4b
c4b5b,Shreya Lopez,C00dc,c4b5b/profile.jpg;c4b5b/image_0063.jpg,cf965;433e1;eed1d;9d502
10484,Shreya Smith,C00c5,10484/profile.jpg;10484/image_0054.jpg,1be1a;f6e03;31baa;666e3
0ae0d,Emma Jackson,C0064,0ae0d/profile.jpg;0ae0d/image_0063.jpg,14a0a;92673;3a862;34d06
9f516,Shreya Thomas,C0018,9f516/profile.jpg;9f516/image_0008.jpg,e3cc7;75363;e35f0;c4b5b
7eb15,Sofia White,C00ed,7eb15/profile.jpg;7eb15/image_0088.jpg,3a862;57926;e2954;4d320
334f1,Ethan Williams,C006f,334f1/profile.jpg;334f1/image_0008.jpg,d60f8;691c5;335ed;25978
4cbeb,Ava Martin,C0056,4cbeb/profile.jpg;4cbeb/image_0054.jpg,87b0d;a972f;d44b5;e0a64
1f877,Ethan Thomas,C00e0,1f877/profile.jpg;1f877/image_0008.jpg,05c44;23905;5a180;8d671
8cb69,James Johnson,C00f0,8cb69/profile.jpg;8cb69/image_0088.jpg,21b94;f3c8b;6631d;e3cc7
e822f,Ethan Johnson,C0011,e822f/profile.jpg;e822f/image_0063.jpg,91988;c7e96;645fe;73189
21c98,James Rodriquez,C00d0,21c98/profile.jpg;21c98/image_0193.jpg,f3c8b;3f377;ca9bd;186b1
e6933,Deven Martin,C0080,e6933/profile.jpg;e6933/image_0008.jpg,ac59d;6b305;c0f81;66af7
c0ffb,Mason Anderson,C0075,c0ffb/profile.jpg;c0ffb/image_0008.jpg,de11f;0fe8a;667c9;244b3
97799,Joseph Johnson,C00f9,97799/profile.jpg;97799/image_0054.jpg,f0d60;645fe;39cc3;476d3
3823b,Chloe White,C00a5,3823b/profile.jpg;3823b/image_0049.jpg,2149c;39cc3;eaf9a;9e4e7
8a800,Joseph Lopez,C00b7,8a800/profile.jpg;8a800/image_0054.jpg,3823b;e2b51;b690a;c29f7
173f1,James Martinez,C006c,173f1/profile.jpg;173f1/image_0008.jpg,12d5a;7e1d4;c2d5b;42cae
e2954,Mia Martinez,C0107,e2954/profile.jpg;e2954/image_0008.jpg,62235;4d43d;4793c;14a0a
bf3a3,Santiago Brown,C003b,bf3a3/profile.jpg;bf3a3/image_0049.jpg,c047b;047dd;a9f5f;52164
7943c,James Smith,C0013,7943c/profile.jpg;7943c/image_0054.jpg,4cc70;2187a;c29f7;4cb6b
75bc0,Jacob Smith,C0102,75bc0/profile.jpg;75bc0/image_0008.jpg,860ce;9e4e7;64a5c;4d431
9e1a5,Anya Rodriquez,C009c,9e1a5/profile.jpg;9e1a5/image_0008.jpg,e7215;a1255;1caac;f804c
32ea1,Olivia Jones,C00fe,32ea1/profile.jpg;32ea1/image_0193.jpg,0eae0;13cb1;a4196;e7973
ceb35,Liam Jackson,C005c,ceb35/profile.jpg;ceb35/image_0063.jpg,80155;f7647;27b02;10011
8705a,Emily Miller,C006a,8705a/profile.jpg;8705a/image_0063.jpg,8bbdb;57a1e;ac6e5;1ddb9
0ce3c,Joseph Jones,C00a1,0ce3c/profile.jpg;0ce3c/image_0088.jpg,87b0d;5e67e;6919e;2e39f
1caac,John Martin,C0004,1caac/profile.jpg;1caac/image_0008.jpg,57a1e;26933;26984;7c7ff
23905,Barbara Anderson,C0012,23905/profile.jpg;23905/image_0193.jpg,48282;4d335;39cc3;10484
48282,Mason Williams,C0109,48282/profile.jpg;48282/image_0008.jpg,a1219;39509;277c2;09dd1
2e16e,David Martinez,C0101,2e16e/profile.jpg;2e16e/image_0063.jpg,691c5;f4ec2;a1255;c4557
d59cd,Sofia Thomas,C0079,d59cd/profile.jpg;d59cd/image_0049.jpg,f9180;c7e96;42d06;8705a
73189,Anya Wilson,C010b,73189/profile.jpg;73189/image_0088.jpg,09481;57a1e;0ae0d;746f6
9e4e7,Madison Martin,C002c,9e4e7/profile.jpg;9e4e7/image_0063.jpg,3f377;a972f;e293a;d1b70
78a11,Deven Johnson,C00ab,78a11/profile.jpg;78a11/image_0063.jpg,334f1;52b45;666e3;34d06
a972f,Ethan Smith,C00c4,a972f/profile.jpg;a972f/image_0054.jpg,ea6d6;244b3;a9f5f;09f5e
bb74d,Madison Anderson,C00ae,bb74d/profile.jpg;bb74d/image_0008.jpg,c2d5b;91988;a10e8;f2359
3608b,Mia Rodriquez,C0084,3608b/profile.jpg;3608b/image_0054.jpg,7c7ff;d86b8;cd247;6919e
0f1cd,Ethan Martinez,C00c1,0f1cd/profile.jpg;0f1cd/image_0088.jpg,0bd8d;cd247;ef6c1;0d7af
0d7af,Olivia White,C0083,0d7af/profile.jpg;0d7af/image_0193.jpg,8a800;25d88;32462;47ac8
92f60,Barbara Miller,C00cd,92f60/profile.jpg;92f60/image_0088.jpg,9d28d;2ca8b;ee600;3f818
645fe,Noah Lopez,C009e,645fe/profile.jpg;645fe/image_0008.jpg,77fbf;7e1d4;12d5a;120f0
9ed3e,Mateo White,C00ff,9ed3e/profile.jpg;9ed3e/image_0063.jpg,f12c1;1eb4a;f8277;6da14
cea31,Ethan Thomas,C010f,cea31/profile.jpg;cea31/image_0008.jpg,e2c5e;73e76;f9083;12f44
3cce8,Sofia Taylor,C00a7,3cce8/profile.jpg;3cce8/image_0054.jpg,02851;8d8c5;5fdd9;23905
f923a,Jayden Moore,C0043,f923a/profile.jpg;f923a/image_0063.jpg,29b9e;efc55;9fe9c;f058f
5a180,Deven Jackson,C0108,5a180/profile.jpg;5a180/image_0049.jpg,7ec7f;fbe30;c8ed8;48282
972ee,Ava Anderson,C00e3,972ee/profile.jpg;972ee/image_0008.jpg,e7255;20fc3;9ed3e;9fe9c
746f6,Mia Martin,C004b,746f6/profile.jpg;746f6/image_0008.jpg,85569;4a841;cd2c3;db136
277c2,Deven Smith,C0045,277c2/profile.jpg;277c2/image_0063.jpg,b6952;0bd8d;476d3;8705a
4b463,Shreya Davis,C0039,4b463/profile.jpg;4b463/image_0063.jpg,c1204;712e1;8a854;db136
28426,David Anderson,C0067,28426/profile.jpg;28426/image_0063.jpg,f9a01;bb532;0fd8c;02851
003c8,Emily Hernandez,C00cb,003c8/profile.jpg;003c8/image_0193.jpg,b6fae;c2d5b;5641a;cb82b
d1cf8,Santiago Thomas,C0066,d1cf8/profile.jpg;d1cf8/image_0193.jpg,b5589;c7822;1e4c7;51874
47ac8,John Lee,C0006,47ac8/profile.jpg;47ac8/image_0008.jpg,52164;c0774;48282;1ddb9
9ee8c,David Martinez,C007f,9ee8c/profile.jpg;9ee8c/image_0063.jpg,5641a;666e3;5a180;9d28d
7e1d4,Noah Davis,C00a1,7e1d4/profile.jpg;7e1d4/image_0008.jpg,9e1a5;e19ee;6de62;3c0cf
6279a,Ava Smith,C003c,6279a/profile.jpg;6279a/image_0088.jpg,a1255;ea6d6;db136;0bd8d
21b94,Emma Jackson,C0120,21b94/profile.jpg;21b94/image_0193.jpg,76e38;1e4c7;e19ee;e7973
0eae0,Emily White,C00d2,0eae0/profile.jpg;0eae0/image_0008.jpg,ae7ed;01720;21b94;ea6d6
c7e96,Liam Martin,C0107,c7e96/profile.jpg;c7e96/image_0193.jpg,b6952;a8cf4;c4557;8d671
078e4,Ava Brown,C0093,078e4/profile.jpg;078e4/image_0008.jpg,f3c8b;a7e3f;3b5ef;0fe8a
dfb74,Mateo Martinez,C00bc,dfb74/profile.jpg;dfb74/image_0063.jpg,efc55;8d671;07e22;0adc0
ee600,Emily Moore,C00b6,ee600/profile.jpg;ee600/image_0008.jpg,3f818;26984;6919e;b6fae
860ce,Emily Davis,C00eb,860ce/profile.jpg;860ce/image_0008.jpg,173f1;73189;c0f81;d1b70
02851,Mason Lee,C00d7,02851/profile.jpg;02851/image_0008.jpg,5fb44;712e1;f0c46;bea6d
a3929,Anya Taylor,C00e6,a3929/profile.jpg;a3929/image_0088.jpg,8bbdb;b7f8c;7c7ff;49583
46e2d,Ethan Hernandez,C0099,46e2d/profile.jpg;46e2d/image_0088.jpg,9fe9c;ea6d6;09588;b6952
e0c30,David Smith,C002c,e0c30/profile.jpg;e0c30/image_0049.jpg,09dd1;c2b11;a503f;277c2
3c0cf,Mary Lopez,C00de,3c0cf/profile.jpg;3c0cf/image_0008.jpg,01720;712e1;b9e4a;fbe30
2d064,Emily Davis,C005f,2d064/profile.jpg;2d064/image_0008.jpg,57926;53fbf;21c98;e931e
fbe30,Mia Johnson,C0023,fbe30/profile.jpg;fbe30/image_0063.jpg,a3929;7eb15;96a57;31baa
f95bf,Deven Lee,C00c9,f95bf/profile.jpg;f95bf/image_0054.jpg,a9f5f;9e4e7;c8ed8;66af7
4a35a,Mateo Jackson,C00a6,4a35a/profile.jpg;4a35a/image_0008.jpg,66438;cf28c;8d8c5;67e7d
39cc3,Mateo Moore,C004a,39cc3/profile.jpg;39cc3/image_0008.jpg,49583;4a18b;4cbeb;09e3f
070ca,Deven Lee,C00b9,070ca/profile.jpg;070ca/image_0063.jpg,d1cf8;186b1;5e67e;b6952
b9b3d,Anya Brown,C0065,b9b3d/profile.jpg;b9b3d/image_0008.jpg,e7973;5791b;0ff23;e0c30
b5589,John Lopez,C0120,b5589/profile.jpg;b5589/image_0054.jpg,75363;8a110;9e1a5;1cda4
ba8f3,Mason Jackson,C00e6,ba8f3/profile.jpg;ba8f3/image_0063.jpg,870b0;c8ed8;8a99f;7a2e6
09dd1,Mary White,C003e,09dd1/profile.jpg;09dd1/image_0088.jpg,35d36;9769f;82deb;ca753
870b0,Noah White,C010f,870b0/profile.jpg;870b0/image_0008.jpg,5c0e9;3c0cf;78a11;92f60
ce48b,Mia Hernandez,C0063,ce48b/profile.jpg;ce48b/image_0063.jpg,3ce62;fbc9a;b0180;25d88
8eb8e,Anya Johnson,C00b0,8eb8e/profile.jpg;8eb8e/image_0008.jpg,b690a;4793c;8a800;d6276
ed6ec,David Hernandez,C0043,ed6ec/profile.jpg;ed6ec/image_0054.jpg,ceae4;6a3bb;b9497;1f877
b8cba,David Hernandez,C0024,b8cba/profile.jpg;b8cba/image_0063.jpg,972ee;047dd;6919e;1eb4a
bea6d,Barbara Lee,C00b8,bea6d/profile.jpg;bea6d/image_0063.jpg,e6933;bdcc1;58639;efc55
d8f58,Isabella Jones,C0042,d8f58/profile.jpg;d8f58/image_0063.jpg,ffa2a;10011;75363;691c5
c1204,Jacob Thomas,C0075,c1204/profile.jpg;c1204/image_0049.jpg,810ff;a503f;0fd8c;e293a
75a9a,Noah Martinez,C009b,75a9a/profile.jpg;75a9a/image_0063.jpg,40de9;13854;58639;2187a
6b305,Mary Taylor,C0070,6b305/profile.jpg;6b305/image_0008.jpg,e2954;8705a;92bda;6de62
2ed45,Shreya Johnson,C0118,2ed45/profile.jpg;2ed45/image_0049.jpg,a7e3f;bdcc1;04cf6;fbe30
abf46,Sofia Smith,C00b2,abf46/profile.jpg;abf46/image_0088.jpg,60986;26933;114cb;357da
505b6,Olivia Smith,C00d5,505b6/profile.jpg;505b6/image_0063.jpg,6d5bc;62235;1a2f9;35d36
92673,David Taylor,C00d9,92673/profile.jpg;92673/image_0008.jpg,7909e;1a443;c929a;8eb8e
1a443,Madison Martin,C0085,1a443/profile.jpg;1a443/image_0193.jpg,003c8;c0ffb;91988;a7e3f
323e2,Noah Davis,C0081,323e2/profile.jpg;323e2/image_0049.jpg,ba8f3;1a2cb;c4b5b;d1cf8
9d502,Chloe White,C0092,9d502/profile.jpg;9d502/image_0063.jpg,0eae0;6279a;6d547;10b95
7daef,Jacob Jackson,C002f,7daef/profile.jpg;7daef/image_0193.jpg,62235;cf965;9d502;3d013
53fbf,Santiago Williams,C00a8,53fbf/profile.jpg;53fbf/image_0063.jpg,206dd;a9d80;66af7;7a0e2
cfe8d,Emma Thomas,C00dc,cfe8d/profile.jpg;cfe8d/image_0088.jpg,3f377;047dd;173f1;6d547
b8ab7,Olivia Lopez,C010e,b8ab7/profile.jpg;b8ab7/image_0008.jpg,08e41;ca17a;efc55;810ff
5641a,Ethan Rodriquez,C0104,5641a/profile.jpg;5641a/image_0063.jpg,3f22c;72862;2f4c2;96a57
7ec7f,Chloe Moore,C00fc,7ec7f/profile.jpg;7ec7f/image_0193.jpg,8a99f;2ca8b;6631d;eed1d
f12c1,Jayden Hernandez,C002e,f12c1/profile.jpg;f12c1/image_0008.jpg,186b1;070ca;94ca9;51874
5f379,Liam Davis,C0038,5f379/profile.jpg;5f379/image_0088.jpg,c29f7;61d91;8cb69;52b45
f058f,Sofia Martinez,C00cc,f058f/profile.jpg;f058f/image_0008.jpg,c29f7;0183d;73189;5f379
cd247,Emily Martinez,C00d9,cd247/profile.jpg;cd247/image_0008.jpg,0fe8a;9f516;60986;b8ab7
d6276,Mason Jones,C00b3,d6276/profile.jpg;d6276/image_0008.jpg,01720;db136;fbc9a;a503f
3b5ef,Deven Moore,C0040,3b5ef/profile.jpg;3b5ef/image_0054.jpg,ab36b;0fd8c;810ff;25978
9f67b,James Davis,C010b,9f67b/profile.jpg;9f67b/image_0008.jpg,45407;bb74d;25b7a;b7c89
5fdd9,Mary Lopez,C002a,5fdd9/profile.jpg;5fdd9/image_0049.jpg,d8f58;f058f;fbe30;d1cf8
a58d3,Emma Thomas,C0117,a58d3/profile.jpg;a58d3/image_0063.jpg,5ae9d;e8bd7;abf46;3a223
5a2d7,Ava Martin,C0009,5a2d7/profile.jpg;5a2d7/image_0054.jpg,1cda4;e8bd7;6919e;9769f
cd2c3,Liam White,C0010,cd2c3/profile.jpg;cd2c3/image_0063.jpg,8bbdb;efc55;52164;57926
8cc29,Anya Jones,C005c,8cc29/profile.jpg;8cc29/image_0063.jpg,5a2d7;4cbeb;ceae4;73e76
9ae87,Mason Lee,C004a,9ae87/profile.jpg;9ae87/image_0193.jpg,9ed3e;b0180;2f4c2;686ad
0f204,Olivia Taylor,C002d,0f204/profile.jpg;0f204/image_0054.jpg,6e398;bfdb2;9ae87;53fbf
25978,John Garcia,C00de,25978/profile.jpg;25978/image_0054.jpg,05c44;b8948;3a789;10b95
395e9,Jayden Williams,C0064,395e9/profile.jpg;395e9/image_0054.jpg,73e76;2d522;810ff;e6469
52b45,Isabella Davis,C007d,52b45/profile.jpg;52b45/image_0054.jpg,b6952;c0774;26933;8a99f
17915,Emily Taylor,C0062,17915/profile.jpg;17915/image_0008.jpg,c29f7;f3c8b;40f72;42d06
666e3,Mia Martinez,C00e8,666e3/profile.jpg;666e3/image_0008.jpg,4a841;1a9d8;003c8;5ae9d
3f1d0,Madison Johnson,C00ba,3f1d0/profile.jpg;3f1d0/image_0063.jpg,d59b0;5a2d7;73e76;51874
9eaee,Mason Miller,C0009,9eaee/profile.jpg;9eaee/image_0054.jpg,ef2b0;55276;6f4b6;9f67b
12f44,Mateo Brown,C001f,12f44/profile.jpg;12f44/image_0008.jpg,070ca;1a2f9;b7c89;3f377
399f8,Ava White,C00d8,399f8/profile.jpg;399f8/image_0008.jpg,ef2b0;645fe;5f379;08e41
e3cc7,Santiago Miller,C0015,e3cc7/profile.jpg;e3cc7/image_0008.jpg,02798;e4809;b690a;ffa2a
26984,Chloe Jackson,C007a,26984/profile.jpg;26984/image_0063.jpg,5a180;666e3;dde37;de11f
3d013,Ethan Martinez,C0059,3d013/profile.jpg;3d013/image_0049.jpg,7e1d4;dab1a;09dd1;8a854
1cd17,Jayden Thomas,C0112,1cd17/profile.jpg;1cd17/image_0008.jpg,1f919;d8b71;ca9bd;d86b8
b690a,Joseph Wilson,C00d5,b690a/profile.jpg;b690a/image_0008.jpg,01720;476d3;1a2cb;666e3
c047b,David Smith,C0018,c047b/profile.jpg;c047b/image_0193.jpg,48282;92423;61d91;9fe9c
8a854,Noah Martin,C001d,8a854/profile.jpg;8a854/image_0054.jpg,c8ed8;3b5ef;db136;a4196
0bd8d,Santiago Williams,C0083,0bd8d/profile.jpg;0bd8d/image_0008.jpg,c047b;60986;3a223;73189
ef6c1,Sofia Lee,C010b,ef6c1/profile.jpg;ef6c1/image_0063.jpg,75bc0;b9e4a;096f9;b6952
bfdb2,Ava White,C0073,bfdb2/profile.jpg;bfdb2/image_0008.jpg,9eaee;c0774;a4f4d;55276
8bbdb,Jayden Jackson,C0055,8bbdb/profile.jpg;8bbdb/image_0063.jpg,77fbf;a972f;75363;f3537
b6fae,Olivia Wilson,C006f,b6fae/profile.jpg;b6fae/image_0049.jpg,3b5ef;505b6;40f72;f6e03
7ac9a,Olivia Taylor,C00af,7ac9a/profile.jpg;7ac9a/image_0063.jpg,bca53;2ada1;6a579;04cf6
b12f9,Madison Brown,C008f,b12f9/profile.jpg;b12f9/image_0008.jpg,c047b;7b1b8;db136;4cf78
de11f,Barbara Jones,C00da,de11f/profile.jpg;de11f/image_0063.jpg,9eaee;433e1;e7215;d8b71
10011,Santiago Martin,C0070,10011/profile.jpg;10011/image_0054.jpg,1e4c7;1ddb9;1caac;15015
42cae,Noah Taylor,C010d,42cae/profile.jpg;42cae/image_0008.jpg,02851;9e4e7;c8ed8;335ed
94ca9,Joseph Anderson,C00ba,94ca9/profile.jpg;94ca9/image_0008.jpg,6468e;61d91;003c8;4cc70
bca53,Deven Lopez,C0105,bca53/profile.jpg;bca53/image_0063.jpg,a4196;e6b7d;746f6;357da
a4f4d,Emily Jones,C005b,a4f4d/profile.jpg;a4f4d/image_0054.jpg,21c98;bb532;8d671;6f4b6
ca9bd,Mia Martinez,C00d9,ca9bd/profile.jpg;ca9bd/image_0063.jpg,64a5c;cd2c3;23905;a9d80
c0774,Jacob Taylor,C0101,c0774/profile.jpg;c0774/image_0008.jpg,21c98;c047b;d65c4;6b305
a4196,Madison Jones,C0048,a4196/profile.jpg;a4196/image_0063.jpg,b8948;ef6c1;82deb;21c98
20fc3,Mateo Thomas,C00b1,20fc3/profile.jpg;20fc3/image_0008.jpg,e7215;667c9;c0ffb;078e4
865ef,Emily Martin,C0081,865ef/profile.jpg;865ef/image_0049.jpg,02851;d65c4;c0ffb;f0c46
88e39,Emma White,C00c7,88e39/profile.jpg;88e39/image_0008.jpg,42cae;3ce62;4d481;ceae4
f9083,Deven Hernandez,C0069,f9083/profile.jpg;f9083/image_0008.jpg,865ef;e6469;c7e96;9d28d
9de10,Ethan Thomas,C001c,9de10/profile.jpg;9de10/image_0063.jpg,12d5a;8d671;c047b;0adc0
26cac,Barbara Johnson,C00da,26cac/profile.jpg;26cac/image_0054.jpg,07e22;7c7ff;d86b8;067dc
efa4d,Joseph Brown,C0094,efa4d/profile.jpg;efa4d/image_0008.jpg,e6469;09e3f;fc4c7;a4196
53c99,Mary Smith,C0069,53c99/profile.jpg;53c99/image_0008.jpg,97799;2ed45;2d522;a4f4d
0db28,Joseph Lee,C00b1,0db28/profile.jpg;0db28/image_0054.jpg,3ce62;b0ad6;21c98;48282
efc55,Emily White,C0018,efc55/profile.jpg;efc55/image_0054.jpg,4cb6b;85569;f9083;399f8
91988,Mateo White,C001b,91988/profile.jpg;91988/image_0008.jpg,c8ed8;25b7a;5a180;4cc70
82deb,Jayden Davis,C002a,82deb/profile.jpg;82deb/image_0054.jpg,07e22;f6069;ac6e5;6279a
51874,Emma Taylor,C010a,51874/profile.jpg;51874/image_0063.jpg,57a1e;b39ef;323e2;691c5
40de9,Santiago Lee,C000b,40de9/profile.jpg;40de9/image_0008.jpg,6d5bc;adf00;323e2;7a0e2
77fbf,Emma Martin,C00a6,77fbf/profile.jpg;77fbf/image_0054.jpg,28426;10b95;adf00;26cac
57926,Olivia Lee,C00e1,57926/profile.jpg;57926/image_0008.jpg,6279a;070ca;74b13;1cd17
e44a7,Olivia Smith,C00ce,e44a7/profile.jpg;e44a7/image_0063.jpg,d1b70;09481;ef6c1;37f72
07e22,Ava Lopez,C0077,07e22/profile.jpg;07e22/image_0054.jpg,0f204;d59b0;46e2d;04cf6
f4ec2,Deven Lopez,C00ef,f4ec2/profile.jpg;f4ec2/image_0063.jpg,244b3;92bda;0ce3c;bb532
5791b,Olivia Garcia,C00a7,5791b/profile.jpg;5791b/image_0193.jpg,ee600;3558e;096f9;f804c
0fe8a,Isabella White,C001c,0fe8a/profile.jpg;0fe8a/image_0063.jpg,9e4e7;4a18b;914ca;55276
e931e,Emily Wilson,C00aa,e931e/profile.jpg;e931e/image_0063.jpg,114cb;096f9;a3929;bfdb2
0b6a3,James White,C0080,0b6a3/profile.jpg;0b6a3/image_0008.jpg,28f4b;7a0e2;25d88;efc55
e293a,Anya Moore,C0071,e293a/profile.jpg;e293a/image_0049.jpg,9f516;47ac8;9ed3e;bdcc1
cf965,Joseph Brown,C0062,cf965/profile.jpg;cf965/image_0193.jpg,77fbf;0f1cd;ca9bd;f9083
c2a8d,Barbara Moore,C0023,c2a8d/profile.jpg;c2a8d/image_0063.jpg,c1204;fbe30;8d724;4a61b
ef2b0,David Brown,C0107,ef2b0/profile.jpg;ef2b0/image_0008.jpg,34d06;8a800;ac59d;92673
e19ee,Joseph Johnson,C00a6,e19ee/profile.jpg;e19ee/image_0049.jpg,12d5a;52b45;e293a;ca753
92bda,Noah Brown,C011c,92bda/profile.jpg;92bda/image_0063.jpg,4d431;e3cc7;4caf6;e44a7
c8ed8,Emma Miller,C008b,c8ed8/profile.jpg;c8ed8/image_0063.jpg,52164;d44b5;c2a8d;3a223
a5a9b,Sofia Davis,C0045,a5a9b/profile.jpg;a5a9b/image_0008.jpg,667c9;3c0cf;b5589;abf46
335ed,Liam Miller,C0096,335ed/profile.jpg;335ed/image_0063.jpg,49583;bea6d;cf28c;13cb1
73e76,James Jackson,C00c4,73e76/profile.jpg;73e76/image_0008.jpg,c6156;914ca;f9a01;cd2c3
0fd8c,Noah Lopez,C008c,0fd8c/profile.jpg;0fd8c/image_0054.jpg,5fb44;76e38;42cae;e822f
bd888,David Wilson,C0065,bd888/profile.jpg;bd888/image_0063.jpg,120f0;97799;4795a;5e67e
2f4c2,Ava Martin,C002e,2f4c2/profile.jpg;2f4c2/image_0063.jpg,e4809;377ac;c2a8d;291de
a1255,Anya Brown,C0034,a1255/profile.jpg;a1255/image_0008.jpg,078e4;75a9a;2e16e;6dfe3
1a9d8,Mary Jackson,C00b0,1a9d8/profile.jpg;1a9d8/image_0063.jpg,244b3;c1204;c047b;04cf6
6d547,Anya Jones,C005a,6d547/profile.jpg;6d547/image_0008.jpg,e2b51;f0d60;f9180;6dfe3
1a2cb,Emma Anderson,C0118,1a2cb/profile.jpg;1a2cb/image_0063.jpg,77fbf;47ac8;3608b;abf46
7c7ff,Jayden Moore,C00b0,7c7ff/profile.jpg;7c7ff/image_0008.jpg,b0ad6;85569;f058f;f4ec2
3a789,Anya Davis,C00dd,3a789/profile.jpg;3a789/image_0008.jpg,14a0a;4a35a;10b95;9eaee
96a57,Mia Lee,C0078,96a57/profile.jpg;96a57/image_0054.jpg,bd888;335ed;24b77;c0774
8a99f,Liam Lee,C0070,8a99f/profile.jpg;8a99f/image_0054.jpg,972ee;433e1;3f22c;3ce62
cf28c,Mia Garcia,C0113,cf28c/profile.jpg;cf28c/image_0063.jpg,e35f0;bdcc1;05c44;92f60
6da14,Liam Hernandez,C00f6,6da14/profile.jpg;6da14/image_0054.jpg,31baa;64a5c;b0ad6;f9180
b0ad6,Mateo Lee,C0036,b0ad6/profile.jpg;b0ad6/image_0193.jpg,9d28d;67e7d;712e1;810ff
1a2f9,Shreya Taylor,C002c,1a2f9/profile.jpg;1a2f9/image_0008.jpg,712e1;ef2b0;645fe;323e2
04b3b,Ethan Garcia,C00d3,04b3b/profile.jpg;04b3b/image_0049.jpg,86770;45407;e6b7d;15015
cb82b,Sofia Wilson,C00e8,cb82b/profile.jpg;cb82b/image_0008.jpg,82deb;2ca8b;7b1b8;12d5a
8fbfc,Ava Lopez,C0010,8fbfc/profile.jpg;8fbfc/image_0008.jpg,865ef;377ac;0786e;ee600
4cb6b,Isabella Thomas,C00bd,4cb6b/profile.jpg;4cb6b/image_0054.jpg,3d013;d65c4;75a9a;4a18b
aa316,John White,C0067,aa316/profile.jpg;aa316/image_0008.jpg,3cce8;b331f;28426;10011
00285,Shreya Williams,C0020,00285/profile.jpg;00285/image_0063.jpg,f3c8b;46e2d;2e39f;f0d60
45407,Mason White,C0091,45407/profile.jpg;45407/image_0063.jpg,b7c89;e293a;c0ffb;26984
f9180,Mason Martinez,C001b,f9180/profile.jpg;f9180/image_0063.jpg,26933;bdcc1;e7215;4a18b
31baa,James Lopez,C0050,31baa/profile.jpg;31baa/image_0063.jpg,fbe30;c7e96;3f22c;4cf78
6a3bb,Mateo Johnson,C001d,6a3bb/profile.jpg;6a3bb/image_0049.jpg,57926;09481;5a180;6468e
